id,address,address,video
020100001,ГР.АЙТОС,"ГР.АЙТОС, СУ ""НИКОЛА ВАПЦАРОВ""",https://evideo.bg/pe202410/02.html#020100001
020100002,ГР.АЙТОС,"ГР.АЙТОС, СУ ""НИКОЛА ВАПЦАРОВ""",https://evideo.bg/pe202410/02.html#020100002
020100003,ГР.АЙТОС,"ГР.АЙТОС, СУ ""ХРИСТО БОТЕВ""",https://evideo.bg/pe202410/02.html#020100003
020100004,ГР.АЙТОС,"ГР.АЙТОС, КЛУБ НА ПЕНСИОНЕРА НА УЛ.""СТАНЦИОННА""№ 44",https://evideo.bg/pe202410/02.html#020100004
020100005,ГР.АЙТОС,"ГР.АЙТОС, СУ ""НИКОЛА ВАПЦАРОВ""",https://evideo.bg/pe202410/02.html#020100005
020100006,ГР.АЙТОС,"ГР.АЙТОС, СУ ""НИКОЛА ВАПЦАРОВ""",https://evideo.bg/pe202410/02.html#020100006
020100007,ГР.АЙТОС,"ГР.АЙТОС, ДГ ""РАДОСТ""",https://evideo.bg/pe202410/02.html#020100007
020100008,ГР.АЙТОС,"ГР.АЙТОС, ДГ ""РАДОСТ""",https://evideo.bg/pe202410/02.html#020100008
020100009,ГР.АЙТОС,"ГР.АЙТОС, КЛУБ НА УЛ.""ПАРКОВА"" 52",https://evideo.bg/pe202410/02.html#020100009
020100010,ГР.АЙТОС,"ГР.АЙТОС, СУ ""ХРИСТО БОТЕВ""",https://evideo.bg/pe202410/02.html#020100010
020100011,ГР.АЙТОС,"ГР.АЙТОС, СУ ""ХРИСТО БОТЕВ""",https://evideo.bg/pe202410/02.html#020100011
020100012,ГР.АЙТОС,"ГР.АЙТОС, СУ ""ХРИСТО БОТЕВ""",https://evideo.bg/pe202410/02.html#020100012
020100013,ГР.АЙТОС,"ГР.АЙТОС, РИТУАЛНА ЗАЛА НА ОБЩИНА АЙТОС",https://evideo.bg/pe202410/02.html#020100013
020100014,ГР.АЙТОС,"ГР.АЙТОС, МАЛКА ЗАСЕДАТЕЛНА ЗАЛА НА ОБЩИНАТА",https://evideo.bg/pe202410/02.html#020100014
020100015,ГР.АЙТОС,"ГР.АЙТОС, ЗАСЕДАТЕЛНА ЗАЛА НА ОБЩИНАТА",https://evideo.bg/pe202410/02.html#020100015
020100016,ГР.АЙТОС,"ГР.АЙТОС, OЦСЗУ НА УЛ.""ГУРКО""№3",https://evideo.bg/pe202410/02.html#020100016
020100017,ГР.АЙТОС,"ГР.АЙТОС, ОУ ""АТАНАС МАНЧЕВ"" /БИВШЕ УЧИЛИЩЕ ""Д-Р ПЕТЪР БЕРОН""/",https://evideo.bg/pe202410/02.html#020100017
020100018,ГР.АЙТОС,"ГР.АЙТОС, СУ ""ХРИСТО БОТЕВ"" /БИВШЕ УЧИЛИЩЕ ""КИРИЛ И МЕТОДИЙ""/",https://evideo.bg/pe202410/02.html#020100018
020100019,ГР.АЙТОС,"ГР.АЙТОС, СУ ""ХРИСТО БОТЕВ"" /БИВШЕ УЧИЛИЩЕ ""КИРИЛ И МЕТОДИЙ""/",https://evideo.bg/pe202410/02.html#020100019
020100020,ГР.АЙТОС,"ГР.АЙТОС, ОУ ""АТАНАС МАНЧЕВ""",https://evideo.bg/pe202410/02.html#020100020
020100021,ГР.АЙТОС,"ГР.АЙТОС, ОУ ""АТАНАС МАНЧЕВ""",https://evideo.bg/pe202410/02.html#020100021
020100022,ГР.АЙТОС,"ГР.АЙТОС, ОУ ""АТАНАС МАНЧЕВ"" /БИВШЕ УЧИЛИЩЕ ""Д-Р ПЕТЪР БЕРОН""/",https://evideo.bg/pe202410/02.html#020100022
020100023,ГР.АЙТОС,"ГР.АЙТОС, СУ""ХРИСТО БОТЕВ""",https://evideo.bg/pe202410/02.html#020100023
020100024,ГР.АЙТОС,"ГР.АЙТОС, СУ""ХРИСТО БОТЕВ""",https://evideo.bg/pe202410/02.html#020100024
020100025,ГР.АЙТОС,"ГР.АЙТОС, ДГ ""КАЛИНА МАЛИНА""",https://evideo.bg/pe202410/02.html#020100025
020100026,ГР.АЙТОС,"ГР.АЙТОС, ОУ ""АТАНАС МАНЧЕВ""",https://evideo.bg/pe202410/02.html#020100026
020100027,ГР.АЙТОС,"ГР.АЙТОС, СУ ""НИКОЛА ВАПЦАРОВ""",https://evideo.bg/pe202410/02.html#020100027
020100028,ГР.АЙТОС,"ГР.АЙТОС, СУ ""НИКОЛА ВАПЦАРОВ""",https://evideo.bg/pe202410/02.html#020100028
020100029,ГР.АЙТОС,"ГР.АЙТОС, ДГ ""КАЛИНА МАЛИНА""",https://evideo.bg/pe202410/02.html#020100029
020100030,ГР.АЙТОС,"ГР.АЙТОС, ОУ""АТАНАС МАНЧЕВ""",https://evideo.bg/pe202410/02.html#020100030
020100031,С.ЛЯСКОВО,"С.ЛЯСКОВО, КЛУБА НА КМЕТСТВО",https://evideo.bg/pe202410/02.html#020100031
020100032,С.ЗЕТЬОВО,"С.ЗЕТЬОВО, КЛУБА НА КМЕТСТВО",https://evideo.bg/pe202410/02.html#020100032
020100033,С.МАЛКА ПОЛЯНА,"С.МАЛКА ПОЛЯНА, МЛАДЕЖКИ КЛУБ",https://evideo.bg/pe202410/02.html#020100033
020100034,С.КАРАНОВО,"С.КАРАНОВО, КЛУБ В КМЕТСТВОТО",https://evideo.bg/pe202410/02.html#020100034
020100035,С.СЪДИЕВО,"С.СЪДИЕВО, РИТУАЛНА ЗАЛА - КМЕТСТВО",https://evideo.bg/pe202410/02.html#020100035
020100036,С.МЪГЛЕН,"С.МЪГЛЕН, ОУ ""ХРИСТО БОТЕВ""",https://evideo.bg/pe202410/02.html#020100036
020100037,С.ДРЯНКОВЕЦ,"С.ДРЯНКОВЕЦ, РИТУАЛНА ЗАЛА КМЕТСТВО",https://evideo.bg/pe202410/02.html#020100037
020100038,С.ПЕЩЕРСКО,"С.ПЕЩЕРСКО, ЧИТАЛИЩЕ ""КИРИЛ И МЕТОДИЙ-1927""",https://evideo.bg/pe202410/02.html#020100038
020100039,С.ЧЕРНА МОГИЛА,"С.ЧЕРНА МОГИЛА, ДЕТСКА ГРАДИНА",https://evideo.bg/pe202410/02.html#020100039
020100040,С.ПИРНЕ,"С.ПИРНЕ, ЧИТАЛИЩЕ ""ПРОБУДА""",https://evideo.bg/pe202410/02.html#020100040
020100041,С.КАРАГЕОРГИЕВО,"С.КАРАГЕОРГИЕВО, ОУ ""КИРИЛ И МЕТОДИЙ""",https://evideo.bg/pe202410/02.html#020100041
020100042,С.ПОЛЯНОВО,"С.ПОЛЯНОВО, МЛАДЕЖКИ КЛУБ",https://evideo.bg/pe202410/02.html#020100042
020100043,С.ЧУКАРКА,"С.ЧУКАРКА, ДЕТСКА ГРАДИНА",https://evideo.bg/pe202410/02.html#020100043
020100044,С.ЧЕРНОГРАД,"С.ЧЕРНОГРАД, ЧИТАЛИЩЕ",https://evideo.bg/pe202410/02.html#020100044
020100045,С.РАКЛИНОВО,"С.РАКЛИНОВО, КЛУБ КМЕТСТВО",https://evideo.bg/pe202410/02.html#020100045
020100046,С.ТОПОЛИЦА,"С.ТОПОЛИЦА, ОУ ""СВЕТЛИНА""",https://evideo.bg/pe202410/02.html#020100046
020100048,С.КАРАГЕОРГИЕВО,"С.КАРАГЕОРГИЕВО, ОУ ""КИРИЛ И МЕТОДИЙ""",https://evideo.bg/pe202410/02.html#020100048
020100049,С.МЪГЛЕН,"С.МЪГЛЕН, ОУ ""ХРИСТО БОТЕВ""",https://evideo.bg/pe202410/02.html#020100049
020100050,С.ТОПОЛИЦА,"С.ТОПОЛИЦА, ОУ ""СВЕТЛИНА""",https://evideo.bg/pe202410/02.html#020100050
020400001,ГР.БУРГАС,"ГР.БУРГАС, ОУ ""СВ.КНЯЗ БОРИС I""",https://evideo.bg/pe202410/02.html#020400001
020400002,ГР.БУРГАС,"ГР.БУРГАС, ОУ ""СВ.КНЯЗ БОРИС I""",https://evideo.bg/pe202410/02.html#020400002
020400003,ГР.БУРГАС,"ГР.БУРГАС, ОУ ""СВ.КНЯЗ БОРИС I""",https://evideo.bg/pe202410/02.html#020400003
020400004,ГР.БУРГАС,"ГР.БУРГАС, ОУ ""СВ.КНЯЗ БОРИС I""",https://evideo.bg/pe202410/02.html#020400004
020400005,ГР.БУРГАС,"ГР.БУРГАС, ОУ ""СВ.КНЯЗ БОРИС I""",https://evideo.bg/pe202410/02.html#020400005
020400006,ГР.БУРГАС,"ГР.БУРГАС, ОУ ""СВ.КНЯЗ БОРИС I""",https://evideo.bg/pe202410/02.html#020400006
020400007,ГР.БУРГАС,"ГР.БУРГАС, ОУ ""СВ.КНЯЗ БОРИС I""",https://evideo.bg/pe202410/02.html#020400007
020400008,ГР.БУРГАС,"ГР.БУРГАС, ОУ ""СВ.КНЯЗ БОРИС I""",https://evideo.bg/pe202410/02.html#020400008
020400009,ГР.БУРГАС,"ГР.БУРГАС, ОУ ""СВ.КНЯЗ БОРИС I""",https://evideo.bg/pe202410/02.html#020400009
020400010,ГР.БУРГАС,"ГР.БУРГАС, ОУ ""СВ.КНЯЗ БОРИС I""",https://evideo.bg/pe202410/02.html#020400010
020400011,ГР.БУРГАС,"ГР.БУРГАС, ОУ ""СВ.КНЯЗ БОРИС I""",https://evideo.bg/pe202410/02.html#020400011
020400012,ГР.БУРГАС,"ГР.БУРГАС, ОУ ""СВ.КНЯЗ БОРИС I""",https://evideo.bg/pe202410/02.html#020400012
020400013,ГР.БУРГАС,"ГР.БУРГАС, ОУ ""СВ.КНЯЗ БОРИС I""",https://evideo.bg/pe202410/02.html#020400013
020400014,ГР.БУРГАС,"ГР.БУРГАС, ОУ ""СВ.КНЯЗ БОРИС I""",https://evideo.bg/pe202410/02.html#020400014
020400015,ГР.БУРГАС,"ГР.БУРГАС, ОУ ""СВ.КНЯЗ БОРИС I""",https://evideo.bg/pe202410/02.html#020400015
020400016,ГР.БУРГАС,"ГР.БУРГАС, ОУ ""СВ.КНЯЗ БОРИС I""",https://evideo.bg/pe202410/02.html#020400016
020400017,ГР.БУРГАС,"ГР.БУРГАС, ТЪРГОВСКА ГИМНАЗИЯ",https://evideo.bg/pe202410/02.html#020400017
020400018,ГР.БУРГАС,"ГР.БУРГАС, ТЪРГОВСКА ГИМНАЗИЯ",https://evideo.bg/pe202410/02.html#020400018
020400019,ГР.БУРГАС,"ГР.БУРГАС, ТЪРГОВСКА ГИМНАЗИЯ",https://evideo.bg/pe202410/02.html#020400019
020400020,ГР.БУРГАС,"ГР.БУРГАС, ОУ ""П.Р. СЛАВЕЙКОВ""",https://evideo.bg/pe202410/02.html#020400020
020400021,ГР.БУРГАС,"ГР.БУРГАС, ОУ ""П.Р. СЛАВЕЙКОВ""",https://evideo.bg/pe202410/02.html#020400021
020400022,ГР.БУРГАС,"ГР.БУРГАС, ОУ ""П.Р. СЛАВЕЙКОВ""",https://evideo.bg/pe202410/02.html#020400022
020400023,ГР.БУРГАС,"ГР.БУРГАС, ОУ ""П.Р. СЛАВЕЙКОВ""",https://evideo.bg/pe202410/02.html#020400023
020400024,ГР.БУРГАС,"ГР.БУРГАС, ПРОФЕСИОНАЛНА ГИМНАЗИЯ ПО ТРАНСПОРТ",https://evideo.bg/pe202410/02.html#020400024
020400025,ГР.БУРГАС,"ГР.БУРГАС, ПРОФЕСИОНАЛНА ГИМНАЗИЯ ПО ТРАНСПОРТ",https://evideo.bg/pe202410/02.html#020400025
020400026,ГР.БУРГАС,"ГР.БУРГАС, ПРОФЕСИОНАЛНА ГИМНАЗИЯ ПО ТРАНСПОРТ",https://evideo.bg/pe202410/02.html#020400026
020400027,ГР.БУРГАС,"ГР.БУРГАС, ПРОФЕСИОНАЛНА ГИМНАЗИЯ ПО ТРАНСПОРТ",https://evideo.bg/pe202410/02.html#020400027
020400028,ГР.БУРГАС,"ГР.БУРГАС, СУ ""СВ.СВ.КИРИЛ И МЕТОДИЙ""",https://evideo.bg/pe202410/02.html#020400028
020400029,ГР.БУРГАС,"ГР.БУРГАС, СУ ""СВ.СВ.КИРИЛ И МЕТОДИЙ""",https://evideo.bg/pe202410/02.html#020400029
020400030,ГР.БУРГАС,"ГР.БУРГАС, СУ ""СВ.СВ.КИРИЛ И МЕТОДИЙ""",https://evideo.bg/pe202410/02.html#020400030
020400031,ГР.БУРГАС,"ГР.БУРГАС, СУ ""СВ.СВ.КИРИЛ И МЕТОДИЙ""",https://evideo.bg/pe202410/02.html#020400031
020400032,ГР.БУРГАС,"ГР.БУРГАС, СУ ""СВ.СВ.КИРИЛ И МЕТОДИЙ""",https://evideo.bg/pe202410/02.html#020400032
020400033,ГР.БУРГАС,"ГР.БУРГАС, СУ ""СВ.СВ.КИРИЛ И МЕТОДИЙ""",https://evideo.bg/pe202410/02.html#020400033
020400034,ГР.БУРГАС,"ГР.БУРГАС, СУ ""СВ.СВ.КИРИЛ И МЕТОДИЙ""",https://evideo.bg/pe202410/02.html#020400034
020400035,ГР.БУРГАС,"ГР.БУРГАС, СУ ""СВ.СВ.КИРИЛ И МЕТОДИЙ""",https://evideo.bg/pe202410/02.html#020400035
020400036,ГР.БУРГАС,"ГР.БУРГАС, ПГРЕ ""Г.С. РАКОВСКИ""",https://evideo.bg/pe202410/02.html#020400036
020400037,ГР.БУРГАС,"ГР.БУРГАС, ПГРЕ ""Г.С. РАКОВСКИ""",https://evideo.bg/pe202410/02.html#020400037
020400038,ГР.БУРГАС,"ГР.БУРГАС, ПГРЕ ""Г.С. РАКОВСКИ""",https://evideo.bg/pe202410/02.html#020400038
020400039,ГР.БУРГАС,"ГР.БУРГАС, ПГРЕ ""Г.С. РАКОВСКИ""",https://evideo.bg/pe202410/02.html#020400039
020400040,ГР.БУРГАС,"ГР.БУРГАС, ПГРЕ ""Г.С. РАКОВСКИ""",https://evideo.bg/pe202410/02.html#020400040
020400041,ГР.БУРГАС,"ГР.БУРГАС, ПГРЕ ""Г.С. РАКОВСКИ""",https://evideo.bg/pe202410/02.html#020400041
020400042,ГР.БУРГАС,"ГР.БУРГАС, ПГРЕ ""Г.С. РАКОВСКИ""",https://evideo.bg/pe202410/02.html#020400042
020400043,ГР.БУРГАС,"ГР.БУРГАС, ПГРЕ ""Г.С. РАКОВСКИ""",https://evideo.bg/pe202410/02.html#020400043
020400044,ГР.БУРГАС,"ГР.БУРГАС, ПГРЕ ""Г.С. РАКОВСКИ""",https://evideo.bg/pe202410/02.html#020400044
020400045,ГР.БУРГАС,"ГР.БУРГАС, ПГРЕ ""Г.С. РАКОВСКИ""",https://evideo.bg/pe202410/02.html#020400045
020400046,ГР.БУРГАС,"ГР.БУРГАС, ПГРЕ ""Г.С. РАКОВСКИ""",https://evideo.bg/pe202410/02.html#020400046
020400047,ГР.БУРГАС,"ГР.БУРГАС, СУ ""ИВАН ВАЗОВ""",https://evideo.bg/pe202410/02.html#020400047
020400048,ГР.БУРГАС,"ГР.БУРГАС, СУ ""ИВАН ВАЗОВ""",https://evideo.bg/pe202410/02.html#020400048
020400049,ГР.БУРГАС,"ГР.БУРГАС, СУ ""ИВАН ВАЗОВ""",https://evideo.bg/pe202410/02.html#020400049
020400050,ГР.БУРГАС,"ГР.БУРГАС, СУ ""ИВАН ВАЗОВ""",https://evideo.bg/pe202410/02.html#020400050
020400051,ГР.БУРГАС,"ГР.БУРГАС, СУ ""ИВАН ВАЗОВ""",https://evideo.bg/pe202410/02.html#020400051
020400052,ГР.БУРГАС,"ГР.БУРГАС, СУ ""ИВАН ВАЗОВ""",https://evideo.bg/pe202410/02.html#020400052
020400053,ГР.БУРГАС,"ГР.БУРГАС, СУ ""ИВАН ВАЗОВ""",https://evideo.bg/pe202410/02.html#020400053
020400054,ГР.БУРГАС,"ГР.БУРГАС, СУ ""ИВАН ВАЗОВ""",https://evideo.bg/pe202410/02.html#020400054
020400055,ГР.БУРГАС,"ГР.БУРГАС, ОУ ""ЛЮБЕН КАРАВЕЛОВ""",https://evideo.bg/pe202410/02.html#020400055
020400056,ГР.БУРГАС,"ГР.БУРГАС, ОУ ""ЛЮБЕН КАРАВЕЛОВ""",https://evideo.bg/pe202410/02.html#020400056
020400057,ГР.БУРГАС,"ГР.БУРГАС, ОУ ""ЛЮБЕН КАРАВЕЛОВ""",https://evideo.bg/pe202410/02.html#020400057
020400058,ГР.БУРГАС,"ГР.БУРГАС, ОУ ""ЛЮБЕН КАРАВЕЛОВ""",https://evideo.bg/pe202410/02.html#020400058
020400059,ГР.БУРГАС,"ГР.БУРГАС, ОУ ""ЛЮБЕН КАРАВЕЛОВ""",https://evideo.bg/pe202410/02.html#020400059
020400060,ГР.БУРГАС,"ГР.БУРГАС, ОУ ""ЛЮБЕН КАРАВЕЛОВ""",https://evideo.bg/pe202410/02.html#020400060
020400061,ГР.БУРГАС,"ГР.БУРГАС, ОУ ""ЛЮБЕН КАРАВЕЛОВ""",https://evideo.bg/pe202410/02.html#020400061
020400062,ГР.БУРГАС,"ГР.БУРГАС, ОУ ""ЛЮБЕН КАРАВЕЛОВ""",https://evideo.bg/pe202410/02.html#020400062
020400063,ГР.БУРГАС,"ГР.БУРГАС, ОУ ""ЛЮБЕН КАРАВЕЛОВ""",https://evideo.bg/pe202410/02.html#020400063
020400064,ГР.БУРГАС,"ГР.БУРГАС, ОУ ""ЛЮБЕН КАРАВЕЛОВ""",https://evideo.bg/pe202410/02.html#020400064
020400065,ГР.БУРГАС,"ГР.БУРГАС, ОУ ""ЛЮБЕН КАРАВЕЛОВ""",https://evideo.bg/pe202410/02.html#020400065
020400066,ГР.БУРГАС,"ГР.БУРГАС, ОУ ""ЛЮБЕН КАРАВЕЛОВ""",https://evideo.bg/pe202410/02.html#020400066
020400067,ГР.БУРГАС,"ГР.БУРГАС, ОУ ""ЛЮБЕН КАРАВЕЛОВ""",https://evideo.bg/pe202410/02.html#020400067
020400068,ГР.БУРГАС,"ГР.БУРГАС, ОУ ""ЛЮБЕН КАРАВЕЛОВ""",https://evideo.bg/pe202410/02.html#020400068
020400069,ГР.БУРГАС,"ГР.БУРГАС, ОУ ""ЛЮБЕН КАРАВЕЛОВ""",https://evideo.bg/pe202410/02.html#020400069
020400070,ГР.БУРГАС,"ГР.БУРГАС, ОУ ""ЛЮБЕН КАРАВЕЛОВ""",https://evideo.bg/pe202410/02.html#020400070
020400071,ГР.БУРГАС,"ГР.БУРГАС, ОУ ""ЛЮБЕН КАРАВЕЛОВ""",https://evideo.bg/pe202410/02.html#020400071
020400072,ГР.БУРГАС,"ГР.БУРГАС, КВ.КРАЙМОРИЕ АДМИНИСТРАТИВНА СГРАДА",https://evideo.bg/pe202410/02.html#020400072
020400073,ГР.БУРГАС,"ГР.БУРГАС, КВ.КРАЙМОРИЕ АДМИНИСТРАТИВНА СГРАДА",https://evideo.bg/pe202410/02.html#020400073
020400074,ГР.БУРГАС,"ГР.БУРГАС, КВ.АКАЦИИ - ПРОФЕСИОНАЛНА ТЕХНИЧЕСКА ГИМНАЗИЯ",https://evideo.bg/pe202410/02.html#020400074
020400075,ГР.БУРГАС,"ГР.БУРГАС, КВ.АКАЦИИ - ПРОФЕСИОНАЛНА ТЕХНИЧЕСКА ГИМНАЗИЯ",https://evideo.bg/pe202410/02.html#020400075
020400076,ГР.БУРГАС,"ГР.БУРГАС, КВ.ПОБЕДА ОУ ""ХРИСТО БОТЕВ""",https://evideo.bg/pe202410/02.html#020400076
020400077,ГР.БУРГАС,"ГР.БУРГАС, КВ.ПОБЕДА ОУ ""ХРИСТО БОТЕВ""",https://evideo.bg/pe202410/02.html#020400077
020400078,ГР.БУРГАС,"ГР.БУРГАС, КВ.ПОБЕДА ОУ ""ХРИСТО БОТЕВ""",https://evideo.bg/pe202410/02.html#020400078
020400079,ГР.БУРГАС,"ГР.БУРГАС, КВ.ПОБЕДА ОУ ""ХРИСТО БОТЕВ""",https://evideo.bg/pe202410/02.html#020400079
020400080,ГР.БУРГАС,"ГР.БУРГАС, КВ.ПОБЕДА ОУ ""ХРИСТО БОТЕВ""",https://evideo.bg/pe202410/02.html#020400080
020400081,ГР.БУРГАС,"ГР.БУРГАС, КВ.ПОБЕДА ОУ ""ХРИСТО БОТЕВ""",https://evideo.bg/pe202410/02.html#020400081
020400082,ГР.БУРГАС,"ГР.БУРГАС, КВ.ПОБЕДА ОУ ""ХРИСТО БОТЕВ""",https://evideo.bg/pe202410/02.html#020400082
020400083,ГР.БУРГАС,"ГР.БУРГАС, КВ.ПОБЕДА ОУ ""ХРИСТО БОТЕВ""",https://evideo.bg/pe202410/02.html#020400083
020400084,ГР.БУРГАС,"ГР.БУРГАС, ПРОФЕСИОНАЛНА ГИМНАЗИЯ ПО КОМПЮТЪРНО ПРОГРАМИРАНЕ И ИНОВАЦИИ",https://evideo.bg/pe202410/02.html#020400084
020400085,ГР.БУРГАС,"ГР.БУРГАС, ПРОФЕСИОНАЛНА ГИМНАЗИЯ ПО КОМПЮТЪРНО ПРОГРАМИРАНЕ И ИНОВАЦИИ",https://evideo.bg/pe202410/02.html#020400085
020400086,ГР.БУРГАС,"ГР.БУРГАС, ПРОФЕСИОНАЛНА ГИМНАЗИЯ ПО КОМПЮТЪРНО ПРОГРАМИРАНЕ И ИНОВАЦИИ",https://evideo.bg/pe202410/02.html#020400086
020400087,ГР.БУРГАС,"ГР.БУРГАС, КЛУБ НА ПЕНСИОНЕРА М.С.ВЪРЛИ БРЯГ",https://evideo.bg/pe202410/02.html#020400087
020400088,ГР.БУРГАС,"ГР.БУРГАС, ОУ ""НАЙДЕН ГЕРОВ""",https://evideo.bg/pe202410/02.html#020400088
020400089,ГР.БУРГАС,"ГР.БУРГАС, ОУ ""НАЙДЕН ГЕРОВ""",https://evideo.bg/pe202410/02.html#020400089
020400090,ГР.БУРГАС,"ГР.БУРГАС, ОУ ""НАЙДЕН ГЕРОВ""",https://evideo.bg/pe202410/02.html#020400090
020400091,ГР.БУРГАС,"ГР.БУРГАС, ОУ ""НАЙДЕН ГЕРОВ""",https://evideo.bg/pe202410/02.html#020400091
020400092,ГР.БУРГАС,"ГР.БУРГАС, ОУ ""НАЙДЕН ГЕРОВ""",https://evideo.bg/pe202410/02.html#020400092
020400093,ГР.БУРГАС,"ГР.БУРГАС, ОУ ""НАЙДЕН ГЕРОВ""",https://evideo.bg/pe202410/02.html#020400093
020400094,ГР.БУРГАС,"ГР.БУРГАС, ОУ ""НАЙДЕН ГЕРОВ""",https://evideo.bg/pe202410/02.html#020400094
020400095,ГР.БУРГАС,"ГР.БУРГАС, ОУ ""НАЙДЕН ГЕРОВ""",https://evideo.bg/pe202410/02.html#020400095
020400096,ГР.БУРГАС,"ГР.БУРГАС, ОУ ""НАЙДЕН ГЕРОВ""",https://evideo.bg/pe202410/02.html#020400096
020400097,ГР.БУРГАС,"ГР.БУРГАС, ОУ ""НАЙДЕН ГЕРОВ""",https://evideo.bg/pe202410/02.html#020400097
020400098,ГР.БУРГАС,"ГР.БУРГАС, ОУ ""НАЙДЕН ГЕРОВ""",https://evideo.bg/pe202410/02.html#020400098
020400099,ГР.БУРГАС,"ГР.БУРГАС, ОУ ""НАЙДЕН ГЕРОВ""",https://evideo.bg/pe202410/02.html#020400099
020400100,ГР.БУРГАС,"ГР.БУРГАС, ОУ ""НАЙДЕН ГЕРОВ""",https://evideo.bg/pe202410/02.html#020400100
020400101,ГР.БУРГАС,"ГР.БУРГАС, ОУ ""НАЙДЕН ГЕРОВ""",https://evideo.bg/pe202410/02.html#020400101
020400102,ГР.БУРГАС,"ГР.БУРГАС, ОУ ""НАЙДЕН ГЕРОВ""",https://evideo.bg/pe202410/02.html#020400102
020400103,ГР.БУРГАС,"ГР.БУРГАС, ОУ ""НАЙДЕН ГЕРОВ""",https://evideo.bg/pe202410/02.html#020400103
020400104,ГР.БУРГАС,"ГР.БУРГАС, ОУ ""НАЙДЕН ГЕРОВ""",https://evideo.bg/pe202410/02.html#020400104
020400105,ГР.БУРГАС,"ГР.БУРГАС, ОУ ""НАЙДЕН ГЕРОВ""",https://evideo.bg/pe202410/02.html#020400105
020400106,ГР.БУРГАС,"ГР.БУРГАС, ОУ ""НАЙДЕН ГЕРОВ""",https://evideo.bg/pe202410/02.html#020400106
020400107,ГР.БУРГАС,"ГР.БУРГАС, ОУ ""НАЙДЕН ГЕРОВ""",https://evideo.bg/pe202410/02.html#020400107
020400108,ГР.БУРГАС,"ГР.БУРГАС, ОУ ""НАЙДЕН ГЕРОВ""",https://evideo.bg/pe202410/02.html#020400108
020400109,ГР.БУРГАС,"ГР.БУРГАС, ОУ ""НАЙДЕН ГЕРОВ""",https://evideo.bg/pe202410/02.html#020400109
020400110,ГР.БУРГАС,"ГР.БУРГАС, СУ ""ПЕТКО РОСЕН""",https://evideo.bg/pe202410/02.html#020400110
020400111,ГР.БУРГАС,"ГР.БУРГАС, СУ ""ПЕТКО РОСЕН""",https://evideo.bg/pe202410/02.html#020400111
020400112,ГР.БУРГАС,"ГР.БУРГАС, СУ ""ПЕТКО РОСЕН""",https://evideo.bg/pe202410/02.html#020400112
020400113,ГР.БУРГАС,"ГР.БУРГАС, СУ ""ПЕТКО РОСЕН""",https://evideo.bg/pe202410/02.html#020400113
020400114,ГР.БУРГАС,"ГР.БУРГАС, СУ ""ПЕТКО РОСЕН""",https://evideo.bg/pe202410/02.html#020400114
020400115,ГР.БУРГАС,"ГР.БУРГАС, СУ ""ПЕТКО РОСЕН""",https://evideo.bg/pe202410/02.html#020400115
020400116,ГР.БУРГАС,"ГР.БУРГАС, СУ ""ПЕТКО РОСЕН""",https://evideo.bg/pe202410/02.html#020400116
020400117,ГР.БУРГАС,"ГР.БУРГАС, СУ ""ПЕТКО РОСЕН""",https://evideo.bg/pe202410/02.html#020400117
020400118,ГР.БУРГАС,"ГР.БУРГАС, СУ ""ПЕТКО РОСЕН""",https://evideo.bg/pe202410/02.html#020400118
020400119,ГР.БУРГАС,"ГР.БУРГАС, СУ ""ПЕТКО РОСЕН""",https://evideo.bg/pe202410/02.html#020400119
020400120,ГР.БУРГАС,"ГР.БУРГАС, СУ ""ПЕТКО РОСЕН""",https://evideo.bg/pe202410/02.html#020400120
020400121,ГР.БУРГАС,"ГР.БУРГАС, СУ ""ПЕТКО РОСЕН""",https://evideo.bg/pe202410/02.html#020400121
020400122,ГР.БУРГАС,"ГР.БУРГАС, ОУ ""ЕЛИН ПЕЛИН""",https://evideo.bg/pe202410/02.html#020400122
020400123,ГР.БУРГАС,"ГР.БУРГАС, ОУ ""ЕЛИН ПЕЛИН""",https://evideo.bg/pe202410/02.html#020400123
020400124,ГР.БУРГАС,"ГР.БУРГАС, ОУ ""ЕЛИН ПЕЛИН""",https://evideo.bg/pe202410/02.html#020400124
020400125,ГР.БУРГАС,"ГР.БУРГАС, ОУ ""ЕЛИН ПЕЛИН""",https://evideo.bg/pe202410/02.html#020400125
020400126,ГР.БУРГАС,"ГР.БУРГАС, ОУ ""ЕЛИН ПЕЛИН""",https://evideo.bg/pe202410/02.html#020400126
020400127,ГР.БУРГАС,"ГР.БУРГАС, ОУ ""ЕЛИН ПЕЛИН""",https://evideo.bg/pe202410/02.html#020400127
020400128,ГР.БУРГАС,"ГР.БУРГАС, ОУ ""ЕЛИН ПЕЛИН""",https://evideo.bg/pe202410/02.html#020400128
020400129,ГР.БУРГАС,"ГР.БУРГАС, ОУ ""ЕЛИН ПЕЛИН""",https://evideo.bg/pe202410/02.html#020400129
020400130,ГР.БУРГАС,"ГР.БУРГАС, ОУ ""ЕЛИН ПЕЛИН""",https://evideo.bg/pe202410/02.html#020400130
020400131,ГР.БУРГАС,"ГР.БУРГАС, СУ ""КОНСТАНТИН ПЕТКАНОВ""",https://evideo.bg/pe202410/02.html#020400131
020400132,ГР.БУРГАС,"ГР.БУРГАС, СУ ""КОНСТАНТИН ПЕТКАНОВ""",https://evideo.bg/pe202410/02.html#020400132
020400133,ГР.БУРГАС,"ГР.БУРГАС, СУ ""КОНСТАНТИН ПЕТКАНОВ""",https://evideo.bg/pe202410/02.html#020400133
020400134,ГР.БУРГАС,"ГР.БУРГАС, СУ ""КОНСТАНТИН ПЕТКАНОВ""",https://evideo.bg/pe202410/02.html#020400134
020400135,ГР.БУРГАС,"ГР.БУРГАС, СУ ""КОНСТАНТИН ПЕТКАНОВ""",https://evideo.bg/pe202410/02.html#020400135
020400136,ГР.БУРГАС,"ГР.БУРГАС, СУ ""КОНСТАНТИН ПЕТКАНОВ""",https://evideo.bg/pe202410/02.html#020400136
020400137,ГР.БУРГАС,"ГР.БУРГАС, СУ ""КОНСТАНТИН ПЕТКАНОВ""",https://evideo.bg/pe202410/02.html#020400137
020400138,ГР.БУРГАС,"ГР.БУРГАС, СУ ""КОНСТАНТИН ПЕТКАНОВ""",https://evideo.bg/pe202410/02.html#020400138
020400139,ГР.БУРГАС,"ГР.БУРГАС, СУ ""КОНСТАНТИН ПЕТКАНОВ""",https://evideo.bg/pe202410/02.html#020400139
020400140,ГР.БУРГАС,"ГР.БУРГАС, СУ ""КОНСТАНТИН ПЕТКАНОВ""",https://evideo.bg/pe202410/02.html#020400140
020400141,ГР.БУРГАС,"ГР.БУРГАС, СУ ""КОНСТАНТИН ПЕТКАНОВ""",https://evideo.bg/pe202410/02.html#020400141
020400142,ГР.БУРГАС,"ГР.БУРГАС, СУ ""КОНСТАНТИН ПЕТКАНОВ""",https://evideo.bg/pe202410/02.html#020400142
020400143,ГР.БУРГАС,"ГР.БУРГАС, СУ ""КОНСТАНТИН ПЕТКАНОВ""",https://evideo.bg/pe202410/02.html#020400143
020400144,ГР.БУРГАС,"ГР.БУРГАС, СУ ""КОНСТАНТИН ПЕТКАНОВ""",https://evideo.bg/pe202410/02.html#020400144
020400145,ГР.БУРГАС,"ГР.БУРГАС, СУ ""КОНСТАНТИН ПЕТКАНОВ""",https://evideo.bg/pe202410/02.html#020400145
020400146,ГР.БУРГАС,"ГР.БУРГАС, СУ ""КОНСТАНТИН ПЕТКАНОВ""",https://evideo.bg/pe202410/02.html#020400146
020400147,ГР.БУРГАС,"ГР.БУРГАС, СУ ""КОНСТАНТИН ПЕТКАНОВ""",https://evideo.bg/pe202410/02.html#020400147
020400148,ГР.БУРГАС,"ГР.БУРГАС, КВ.ГОРНО ЕЗЕРОВО ОУ ""ВАСИЛ ЛЕВСКИ""",https://evideo.bg/pe202410/02.html#020400148
020400149,ГР.БУРГАС,"ГР.БУРГАС, КВ.ГОРНО ЕЗЕРОВО ОУ ""ВАСИЛ ЛЕВСКИ""",https://evideo.bg/pe202410/02.html#020400149
020400150,ГР.БУРГАС,"ГР.БУРГАС, КВ.ГОРНО ЕЗЕРОВО ОУ ""ВАСИЛ ЛЕВСКИ""",https://evideo.bg/pe202410/02.html#020400150
020400151,ГР.БУРГАС,"ГР.БУРГАС, СУ ""ДИМЧО ДЕБЕЛЯНОВ""",https://evideo.bg/pe202410/02.html#020400151
020400152,ГР.БУРГАС,"ГР.БУРГАС, СУ ""ДИМЧО ДЕБЕЛЯНОВ""",https://evideo.bg/pe202410/02.html#020400152
020400153,ГР.БУРГАС,"ГР.БУРГАС, СУ ""ДИМЧО ДЕБЕЛЯНОВ""",https://evideo.bg/pe202410/02.html#020400153
020400154,ГР.БУРГАС,"ГР.БУРГАС, СУ ""ДИМЧО ДЕБЕЛЯНОВ""",https://evideo.bg/pe202410/02.html#020400154
020400155,ГР.БУРГАС,"ГР.БУРГАС, СУ ""ДИМЧО ДЕБЕЛЯНОВ""",https://evideo.bg/pe202410/02.html#020400155
020400156,ГР.БУРГАС,"ГР.БУРГАС, СУ ""ДИМЧО ДЕБЕЛЯНОВ""",https://evideo.bg/pe202410/02.html#020400156
020400157,ГР.БУРГАС,"ГР.БУРГАС, СУ ""ДИМЧО ДЕБЕЛЯНОВ""",https://evideo.bg/pe202410/02.html#020400157
020400158,ГР.БУРГАС,"ГР.БУРГАС, СУ ""ДИМЧО ДЕБЕЛЯНОВ""",https://evideo.bg/pe202410/02.html#020400158
020400159,ГР.БУРГАС,"ГР.БУРГАС, СУ ""ДИМЧО ДЕБЕЛЯНОВ""",https://evideo.bg/pe202410/02.html#020400159
020400160,ГР.БУРГАС,"ГР.БУРГАС, СУ ""ДИМЧО ДЕБЕЛЯНОВ""",https://evideo.bg/pe202410/02.html#020400160
020400161,ГР.БУРГАС,"ГР.БУРГАС, СУ ""ДИМЧО ДЕБЕЛЯНОВ""",https://evideo.bg/pe202410/02.html#020400161
020400162,ГР.БУРГАС,"ГР.БУРГАС, СУ ""ДИМЧО ДЕБЕЛЯНОВ""",https://evideo.bg/pe202410/02.html#020400162
020400163,ГР.БУРГАС,"ГР.БУРГАС, СУ ""ДИМЧО ДЕБЕЛЯНОВ""",https://evideo.bg/pe202410/02.html#020400163
020400164,ГР.БУРГАС,"ГР.БУРГАС, СУ ""ДИМЧО ДЕБЕЛЯНОВ""",https://evideo.bg/pe202410/02.html#020400164
020400165,ГР.БУРГАС,"ГР.БУРГАС, СУ ""ДИМЧО ДЕБЕЛЯНОВ""",https://evideo.bg/pe202410/02.html#020400165
020400166,ГР.БУРГАС,"ГР.БУРГАС, ОУ ""АНТОН СТРАШИМИРОВ""",https://evideo.bg/pe202410/02.html#020400166
020400167,ГР.БУРГАС,"ГР.БУРГАС, ОУ ""АНТОН СТРАШИМИРОВ""",https://evideo.bg/pe202410/02.html#020400167
020400168,ГР.БУРГАС,"ГР.БУРГАС, ОУ ""АНТОН СТРАШИМИРОВ""",https://evideo.bg/pe202410/02.html#020400168
020400169,ГР.БУРГАС,"ГР.БУРГАС, ОУ ""АНТОН СТРАШИМИРОВ""",https://evideo.bg/pe202410/02.html#020400169
020400170,ГР.БУРГАС,"ГР.БУРГАС, ОУ ""АНТОН СТРАШИМИРОВ""",https://evideo.bg/pe202410/02.html#020400170
020400171,ГР.БУРГАС,"ГР.БУРГАС, ОУ ""АНТОН СТРАШИМИРОВ""",https://evideo.bg/pe202410/02.html#020400171
020400172,ГР.БУРГАС,"ГР.БУРГАС, ОУ ""АНТОН СТРАШИМИРОВ""",https://evideo.bg/pe202410/02.html#020400172
020400173,ГР.БУРГАС,"ГР.БУРГАС, ОУ ""АНТОН СТРАШИМИРОВ""",https://evideo.bg/pe202410/02.html#020400173
020400174,ГР.БУРГАС,"ГР.БУРГАС, ОУ ""АНТОН СТРАШИМИРОВ""",https://evideo.bg/pe202410/02.html#020400174
020400175,ГР.БУРГАС,"ГР.БУРГАС, ОУ ""АНТОН СТРАШИМИРОВ""",https://evideo.bg/pe202410/02.html#020400175
020400176,ГР.БУРГАС,"ГР.БУРГАС, ОУ ""АНТОН СТРАШИМИРОВ""",https://evideo.bg/pe202410/02.html#020400176
020400177,ГР.БУРГАС,"ГР.БУРГАС, ОУ ""АНТОН СТРАШИМИРОВ""",https://evideo.bg/pe202410/02.html#020400177
020400178,ГР.БУРГАС,"ГР.БУРГАС, ОУ ""АНТОН СТРАШИМИРОВ""",https://evideo.bg/pe202410/02.html#020400178
020400179,ГР.БУРГАС,"ГР.БУРГАС, ОУ ""АНТОН СТРАШИМИРОВ""",https://evideo.bg/pe202410/02.html#020400179
020400180,ГР.БУРГАС,"ГР.БУРГАС, ОУ ""АНТОН СТРАШИМИРОВ""",https://evideo.bg/pe202410/02.html#020400180
020400181,ГР.БУРГАС,"ГР.БУРГАС, ОУ ""АНТОН СТРАШИМИРОВ""",https://evideo.bg/pe202410/02.html#020400181
020400182,ГР.БУРГАС,"ГР.БУРГАС, ОУ ""АНТОН СТРАШИМИРОВ""",https://evideo.bg/pe202410/02.html#020400182
020400183,ГР.БУРГАС,"ГР.БУРГАС, СУ ""ЕПИСКОП КОНСТАНТИН ПРЕСЛАВСКИ",https://evideo.bg/pe202410/02.html#020400183
020400184,ГР.БУРГАС,"ГР.БУРГАС, СУ ""ЕПИСКОП КОНСТАНТИН ПРЕСЛАВСКИ",https://evideo.bg/pe202410/02.html#020400184
020400185,ГР.БУРГАС,"ГР.БУРГАС, СУ ""ЕПИСКОП КОНСТАНТИН ПРЕСЛАВСКИ",https://evideo.bg/pe202410/02.html#020400185
020400186,ГР.БУРГАС,"ГР.БУРГАС, СУ ""ЕПИСКОП КОНСТАНТИН ПРЕСЛАВСКИ",https://evideo.bg/pe202410/02.html#020400186
020400187,ГР.БУРГАС,"ГР.БУРГАС, СУ ""ЕПИСКОП КОНСТАНТИН ПРЕСЛАВСКИ",https://evideo.bg/pe202410/02.html#020400187
020400188,ГР.БУРГАС,"ГР.БУРГАС, СУ ""ЕПИСКОП КОНСТАНТИН ПРЕСЛАВСКИ",https://evideo.bg/pe202410/02.html#020400188
020400189,ГР.БУРГАС,"ГР.БУРГАС, СУ ""ЕПИСКОП КОНСТАНТИН ПРЕСЛАВСКИ",https://evideo.bg/pe202410/02.html#020400189
020400190,ГР.БУРГАС,"ГР.БУРГАС, СУ ""ЕПИСКОП КОНСТАНТИН ПРЕСЛАВСКИ",https://evideo.bg/pe202410/02.html#020400190
020400191,ГР.БУРГАС,"ГР.БУРГАС, СУ ""ЕПИСКОП КОНСТАНТИН ПРЕСЛАВСКИ",https://evideo.bg/pe202410/02.html#020400191
020400192,ГР.БУРГАС,"ГР.БУРГАС, СУ ""ЕПИСКОП КОНСТАНТИН ПРЕСЛАВСКИ",https://evideo.bg/pe202410/02.html#020400192
020400193,ГР.БУРГАС,"ГР.БУРГАС, СУ ""ЕПИСКОП КОНСТАНТИН ПРЕСЛАВСКИ",https://evideo.bg/pe202410/02.html#020400193
020400194,ГР.БУРГАС,"ГР.БУРГАС, СУ ""ЕПИСКОП КОНСТАНТИН ПРЕСЛАВСКИ",https://evideo.bg/pe202410/02.html#020400194
020400195,ГР.БУРГАС,"ГР.БУРГАС, СУ ""ЕПИСКОП КОНСТАНТИН ПРЕСЛАВСКИ",https://evideo.bg/pe202410/02.html#020400195
020400196,ГР.БУРГАС,"ГР.БУРГАС, СУ ""ЕПИСКОП КОНСТАНТИН ПРЕСЛАВСКИ",https://evideo.bg/pe202410/02.html#020400196
020400197,ГР.БУРГАС,"ГР.БУРГАС, КВ.ЛОЗОВО ЧИТАЛИЩЕН САЛОН НА АДМИНИСТРАТИВНА СГРАДА",https://evideo.bg/pe202410/02.html#020400197
020400198,ГР.БУРГАС,"ГР.БУРГАС, КВ.ЛОЗОВО ДЕТСКА ГРАДИНА ""КОЛЕДАРЧЕ""",https://evideo.bg/pe202410/02.html#020400198
020400199,ГР.БУРГАС,"ГР.БУРГАС, КВ.БАНЕВО ОУ ""ИВАН ВАЗОВ""",https://evideo.bg/pe202410/02.html#020400199
020400200,ГР.БУРГАС,"ГР.БУРГАС, КВ.БАНЕВО ОУ ""ИВАН ВАЗОВ""",https://evideo.bg/pe202410/02.html#020400200
020400201,ГР.БУРГАС,"ГР.БУРГАС, КВ.БАНЕВО ОУ ""ИВАН ВАЗОВ""",https://evideo.bg/pe202410/02.html#020400201
020400202,ГР.БУРГАС,"ГР.БУРГАС, КВ.ВЕТРЕН ОУ ""ХРИСТО БОТЕВ""",https://evideo.bg/pe202410/02.html#020400202
020400203,ГР.БУРГАС,"ГР.БУРГАС, КВ.ВЕТРЕН ОУ ""ХРИСТО БОТЕВ""",https://evideo.bg/pe202410/02.html#020400203
020400204,ГР.БУРГАС,"ГР.БУРГАС, КВ.ВЕТРЕН ОУ ""ХРИСТО БОТЕВ""",https://evideo.bg/pe202410/02.html#020400204
020400205,ГР.БУРГАС,"ГР.БУРГАС, ВИЛНА ЗОНА МИНЕРАЛНИ БАНИ УЛ. ""ЧЕРНОМОРЕЦ"" № 1,ВЪЗСТАНОВИТЕЛНА БАЗА",https://evideo.bg/pe202410/02.html#020400205
020400206,ГР.БУРГАС,"ГР.БУРГАС, ОУ ""ГЕОРГИ БЕНКОВСКИ",https://evideo.bg/pe202410/02.html#020400206
020400207,ГР.БУРГАС,"ГР.БУРГАС, ОУ ""ГЕОРГИ БЕНКОВСКИ",https://evideo.bg/pe202410/02.html#020400207
020400208,ГР.БУРГАС,"ГР.БУРГАС, ОУ ""ГЕОРГИ БЕНКОВСКИ",https://evideo.bg/pe202410/02.html#020400208
020400209,ГР.БУРГАС,"ГР.БУРГАС, ОУ ""ГЕОРГИ БЕНКОВСКИ",https://evideo.bg/pe202410/02.html#020400209
020400210,ГР.БУРГАС,"ГР.БУРГАС, ОУ ""ГЕОРГИ БЕНКОВСКИ",https://evideo.bg/pe202410/02.html#020400210
020400211,ГР.БУРГАС,"ГР.БУРГАС, ОУ ""ГЕОРГИ БЕНКОВСКИ",https://evideo.bg/pe202410/02.html#020400211
020400212,ГР.БУРГАС,"ГР.БУРГАС, ОУ ""ГЕОРГИ БЕНКОВСКИ",https://evideo.bg/pe202410/02.html#020400212
020400213,ГР.БУРГАС,"ГР.БУРГАС, ОУ ""ГЕОРГИ БЕНКОВСКИ",https://evideo.bg/pe202410/02.html#020400213
020400214,ГР.БУРГАС,"ГР.БУРГАС, ОУ ""ГЕОРГИ БЕНКОВСКИ",https://evideo.bg/pe202410/02.html#020400214
020400215,ГР.БУРГАС,"ГР.БУРГАС, ОУ ""ГЕОРГИ БЕНКОВСКИ",https://evideo.bg/pe202410/02.html#020400215
020400216,ГР.БУРГАС,"ГР.БУРГАС, ОУ ""ГЕОРГИ БЕНКОВСКИ",https://evideo.bg/pe202410/02.html#020400216
020400217,ГР.БУРГАС,"ГР.БУРГАС, НЕМСКА ЕЗИКОВА ГИМНАЗИЯ ""ГЬОТЕ""",https://evideo.bg/pe202410/02.html#020400217
020400218,ГР.БУРГАС,"ГР.БУРГАС, НЕМСКА ЕЗИКОВА ГИМНАЗИЯ ""ГЬОТЕ""",https://evideo.bg/pe202410/02.html#020400218
020400219,ГР.БУРГАС,"ГР.БУРГАС, НЕМСКА ЕЗИКОВА ГИМНАЗИЯ ""ГЬОТЕ""",https://evideo.bg/pe202410/02.html#020400219
020400220,ГР.БУРГАС,"ГР.БУРГАС, НЕМСКА ЕЗИКОВА ГИМНАЗИЯ ""ГЬОТЕ""",https://evideo.bg/pe202410/02.html#020400220
020400221,ГР.БУРГАС,"ГР.БУРГАС, ОУ ""СВ. КЛИМЕНТ ОХРИДСКИ""",https://evideo.bg/pe202410/02.html#020400221
020400222,ГР.БУРГАС,"ГР.БУРГАС, ОУ ""СВ. КЛИМЕНТ ОХРИДСКИ""",https://evideo.bg/pe202410/02.html#020400222
020400223,ГР.БУРГАС,"ГР.БУРГАС, ОУ ""СВ. КЛИМЕНТ ОХРИДСКИ""",https://evideo.bg/pe202410/02.html#020400223
020400224,ГР.БУРГАС,"ГР.БУРГАС, ОУ ""СВ. КЛИМЕНТ ОХРИДСКИ""",https://evideo.bg/pe202410/02.html#020400224
020400225,ГР.БУРГАС,"ГР.БУРГАС, ОУ ""СВ. КЛИМЕНТ ОХРИДСКИ""",https://evideo.bg/pe202410/02.html#020400225
020400226,ГР.БУРГАС,"ГР.БУРГАС, ОУ ""СВ. КЛИМЕНТ ОХРИДСКИ""",https://evideo.bg/pe202410/02.html#020400226
020400227,ГР.БУРГАС,"ГР.БУРГАС, ОУ ""СВ. КЛИМЕНТ ОХРИДСКИ""",https://evideo.bg/pe202410/02.html#020400227
020400228,ГР.БУРГАС,"ГР.БУРГАС, ПГХТ ""АКАД. Н. Д. ЗЕЛИНСКИЙ""",https://evideo.bg/pe202410/02.html#020400228
020400229,ГР.БУРГАС,"ГР.БУРГАС, ПГХТ ""АКАД. Н. Д. ЗЕЛИНСКИЙ""",https://evideo.bg/pe202410/02.html#020400229
020400230,ГР.БУРГАС,"ГР.БУРГАС, ПГХТ ""АКАД. Н. Д. ЗЕЛИНСКИЙ""",https://evideo.bg/pe202410/02.html#020400230
020400231,ГР.БУРГАС,"ГР.БУРГАС, ПГХТ ""АКАД. Н. Д. ЗЕЛИНСКИЙ""",https://evideo.bg/pe202410/02.html#020400231
020400232,ГР.БУРГАС,"ГР.БУРГАС, ПГХТ ""АКАД. Н. Д. ЗЕЛИНСКИЙ""",https://evideo.bg/pe202410/02.html#020400232
020400233,ГР.БУРГАС,"ГР.БУРГАС, ПГХТ ""АКАД. Н. Д. ЗЕЛИНСКИЙ""",https://evideo.bg/pe202410/02.html#020400233
020400234,ГР.БУРГАС,"ГР.БУРГАС, СУ ""ЙОРДАН ЙОВКОВ""/СУ ""ДОБРИ ЧИНТУЛОВ""",https://evideo.bg/pe202410/02.html#020400234
020400235,ГР.БУРГАС,"ГР.БУРГАС, СУ ""ЙОРДАН ЙОВКОВ""/СУ ""ДОБРИ ЧИНТУЛОВ""",https://evideo.bg/pe202410/02.html#020400235
020400236,ГР.БУРГАС,"ГР.БУРГАС, СУ ""ЙОРДАН ЙОВКОВ""/СУ ""ДОБРИ ЧИНТУЛОВ""",https://evideo.bg/pe202410/02.html#020400236
020400237,ГР.БУРГАС,"ГР.БУРГАС, СУ ""ЙОРДАН ЙОВКОВ""/СУ ""ДОБРИ ЧИНТУЛОВ""",https://evideo.bg/pe202410/02.html#020400237
020400238,ГР.БУРГАС,"ГР.БУРГАС, СУ ""ЙОРДАН ЙОВКОВ""/СУ ""ДОБРИ ЧИНТУЛОВ""",https://evideo.bg/pe202410/02.html#020400238
020400239,ГР.БУРГАС,"ГР.БУРГАС, СУ ""ЙОРДАН ЙОВКОВ""/СУ ""ДОБРИ ЧИНТУЛОВ""",https://evideo.bg/pe202410/02.html#020400239
020400240,ГР.БУРГАС,"ГР.БУРГАС, СУ ""ЙОРДАН ЙОВКОВ""/СУ ""ДОБРИ ЧИНТУЛОВ""",https://evideo.bg/pe202410/02.html#020400240
020400241,ГР.БУРГАС,"ГР.БУРГАС, СУ ""ЙОРДАН ЙОВКОВ""/СУ ""ДОБРИ ЧИНТУЛОВ""",https://evideo.bg/pe202410/02.html#020400241
020400242,ГР.БУРГАС,"ГР.БУРГАС, СУ ""ЙОРДАН ЙОВКОВ""/СУ ""ДОБРИ ЧИНТУЛОВ""",https://evideo.bg/pe202410/02.html#020400242
020400243,ГР.БУРГАС,"ГР.БУРГАС, СУ ""ЙОРДАН ЙОВКОВ""/СУ ""ДОБРИ ЧИНТУЛОВ""",https://evideo.bg/pe202410/02.html#020400243
020400244,ГР.БУРГАС,"ГР.БУРГАС, СУ ""ЙОРДАН ЙОВКОВ""/СУ ""ДОБРИ ЧИНТУЛОВ""",https://evideo.bg/pe202410/02.html#020400244
020400245,ГР.БУРГАС,"ГР.БУРГАС, АНГЛИЙСКА ЕЗИКОВА ГИМНАЗИЯ ""ГЕО МИЛЕВ""",https://evideo.bg/pe202410/02.html#020400245
020400246,ГР.БУРГАС,"ГР.БУРГАС, АНГЛИЙСКА ЕЗИКОВА ГИМНАЗИЯ ""ГЕО МИЛЕВ""",https://evideo.bg/pe202410/02.html#020400246
020400247,ГР.БУРГАС,"ГР.БУРГАС, АНГЛИЙСКА ЕЗИКОВА ГИМНАЗИЯ ""ГЕО МИЛЕВ""",https://evideo.bg/pe202410/02.html#020400247
020400248,ГР.БУРГАС,"ГР.БУРГАС, АНГЛИЙСКА ЕЗИКОВА ГИМНАЗИЯ ""ГЕО МИЛЕВ""",https://evideo.bg/pe202410/02.html#020400248
020400249,ГР.БУРГАС,"ГР.БУРГАС, АНГЛИЙСКА ЕЗИКОВА ГИМНАЗИЯ ""ГЕО МИЛЕВ""",https://evideo.bg/pe202410/02.html#020400249
020400250,ГР.БУРГАС,"ГР.БУРГАС, АНГЛИЙСКА ЕЗИКОВА ГИМНАЗИЯ ""ГЕО МИЛЕВ""",https://evideo.bg/pe202410/02.html#020400250
020400251,ГР.БУРГАС,"ГР.БУРГАС, АНГЛИЙСКА ЕЗИКОВА ГИМНАЗИЯ ""ГЕО МИЛЕВ""",https://evideo.bg/pe202410/02.html#020400251
020400252,ГР.БУРГАС,"ГР.БУРГАС, АДМИНИСТРАТИВНА СГРАДА - V-ТИ КМ.",https://evideo.bg/pe202410/02.html#020400252
020400253,ГР.БУРГАС,"ГР.БУРГАС, КВ.САРАФОВО ОУ ""ХРИСТО БОТЕВ""",https://evideo.bg/pe202410/02.html#020400253
020400254,ГР.БУРГАС,"ГР.БУРГАС, КВ.САРАФОВО ОУ ""ХРИСТО БОТЕВ""",https://evideo.bg/pe202410/02.html#020400254
020400255,ГР.БУРГАС,"ГР.БУРГАС, КВ.САРАФОВО ОУ ""ХРИСТО БОТЕВ""",https://evideo.bg/pe202410/02.html#020400255
020400256,ГР.БУРГАС,"ГР.БУРГАС, КВ.САРАФОВО ОУ ""ХРИСТО БОТЕВ""",https://evideo.bg/pe202410/02.html#020400256
020400257,ГР.БУРГАС,"ГР.БУРГАС, КВ.САРАФОВО ОУ ""ХРИСТО БОТЕВ""",https://evideo.bg/pe202410/02.html#020400257
020400258,ГР.БУРГАС,"ГР.БУРГАС, КВ.РУДНИК ОУ ""СВ. КЛИМЕНТ ОХРИДСКИ""",https://evideo.bg/pe202410/02.html#020400258
020400259,ГР.БУРГАС,"ГР.БУРГАС, КВ.РУДНИК ОУ ""СВ. КЛИМЕНТ ОХРИДСКИ""",https://evideo.bg/pe202410/02.html#020400259
020400260,ГР.БУРГАС,"ГР.БУРГАС, КВ.РУДНИК ОУ ""СВ. КЛИМЕНТ ОХРИДСКИ""",https://evideo.bg/pe202410/02.html#020400260
020400261,ГР.БУРГАС,"ГР.БУРГАС, КВ.РУДНИК ОУ ""СВ. КЛИМЕНТ ОХРИДСКИ""",https://evideo.bg/pe202410/02.html#020400261
020400262,ГР.БУРГАС,"ГР.БУРГАС, КВ.РУДНИК ОУ ""СВ. КЛИМЕНТ ОХРИДСКИ""",https://evideo.bg/pe202410/02.html#020400262
020400263,ГР.БУРГАС,"ГР.БУРГАС, КВ.ЧЕРНО МОРЕ СУ ""ХРИСТО БОТЕВ""",https://evideo.bg/pe202410/02.html#020400263
020400264,ГР.БУРГАС,"ГР.БУРГАС, КВ.ЧЕРНО МОРЕ СУ ""ХРИСТО БОТЕВ""",https://evideo.bg/pe202410/02.html#020400264
020400265,ГР.БУРГАС,"ГР.БУРГАС, КВ.ЧЕРНО МОРЕ СУ ""ХРИСТО БОТЕВ""",https://evideo.bg/pe202410/02.html#020400265
020400266,ГР.БУРГАС,"ГР.БУРГАС, НУМСИ ""ПРОФЕСОР ПАНЧО ВЛАДИГЕРОВ""",https://evideo.bg/pe202410/02.html#020400266
020400267,ГР.БУРГАС,"ГР.БУРГАС, НУМСИ ""ПРОФЕСОР ПАНЧО ВЛАДИГЕРОВ""",https://evideo.bg/pe202410/02.html#020400267
020400268,ГР.БУРГАС,"ГР.БУРГАС, НУМСИ ""ПРОФЕСОР ПАНЧО ВЛАДИГЕРОВ""",https://evideo.bg/pe202410/02.html#020400268
020400269,ГР.БУРГАС,"ГР.БУРГАС, НУМСИ ""ПРОФЕСОР ПАНЧО ВЛАДИГЕРОВ""",https://evideo.bg/pe202410/02.html#020400269
020400270,ГР.БУРГАС,"ГР.БУРГАС, ОУ ""БРАТЯ МИЛАДИНОВИ""",https://evideo.bg/pe202410/02.html#020400270
020400271,ГР.БУРГАС,"ГР.БУРГАС, ОУ ""БРАТЯ МИЛАДИНОВИ""",https://evideo.bg/pe202410/02.html#020400271
020400272,ГР.БУРГАС,"ГР.БУРГАС, ОУ ""БРАТЯ МИЛАДИНОВИ""",https://evideo.bg/pe202410/02.html#020400272
020400273,ГР.БУРГАС,"ГР.БУРГАС, ОУ ""БРАТЯ МИЛАДИНОВИ""",https://evideo.bg/pe202410/02.html#020400273
020400274,ГР.БУРГАС,"ГР.БУРГАС, ОУ ""БРАТЯ МИЛАДИНОВИ""",https://evideo.bg/pe202410/02.html#020400274
020400275,ГР.БУРГАС,"ГР.БУРГАС, ОУ ""БРАТЯ МИЛАДИНОВИ""",https://evideo.bg/pe202410/02.html#020400275
020400276,ГР.БУРГАС,"ГР.БУРГАС, ОУ ""БРАТЯ МИЛАДИНОВИ""",https://evideo.bg/pe202410/02.html#020400276
020400277,ГР.БУРГАС,"ГР.БУРГАС, ОУ ""БРАТЯ МИЛАДИНОВИ""",https://evideo.bg/pe202410/02.html#020400277
020400278,ГР.БУРГАС,"ГР.БУРГАС, ПГТ ""ПРОФЕСОР Д-Р АСЕН ЗЛАТАРОВ""",https://evideo.bg/pe202410/02.html#020400278
020400279,ГР.БУРГАС,"ГР.БУРГАС, ПГТ ""ПРОФЕСОР Д-Р АСЕН ЗЛАТАРОВ""",https://evideo.bg/pe202410/02.html#020400279
020400280,ГР.БУРГАС,"ГР.БУРГАС, ПГТ ""ПРОФЕСОР Д-Р АСЕН ЗЛАТАРОВ""",https://evideo.bg/pe202410/02.html#020400280
020400281,ГР.БУРГАС,"ГР.БУРГАС, ОУ ""П.К. ЯВОРОВ""",https://evideo.bg/pe202410/02.html#020400281
020400282,ГР.БУРГАС,"ГР.БУРГАС, ОУ ""П.К. ЯВОРОВ""",https://evideo.bg/pe202410/02.html#020400282
020400283,ГР.БУРГАС,"ГР.БУРГАС, ОУ ""П.К. ЯВОРОВ""",https://evideo.bg/pe202410/02.html#020400283
020400284,ГР.БУРГАС,"ГР.БУРГАС, ОУ ""П.К. ЯВОРОВ""",https://evideo.bg/pe202410/02.html#020400284
020400285,ГР.БУРГАС,"ГР.БУРГАС, ОУ ""П.К. ЯВОРОВ""",https://evideo.bg/pe202410/02.html#020400285
020400286,ГР.БУРГАС,"ГР.БУРГАС, ОУ ""П.К. ЯВОРОВ""",https://evideo.bg/pe202410/02.html#020400286
020400287,ГР.БУРГАС,"ГР.БУРГАС, ОУ ""П.К. ЯВОРОВ""",https://evideo.bg/pe202410/02.html#020400287
020400288,ГР.БУРГАС,"ГР.БУРГАС, ОУ ""П.К. ЯВОРОВ""",https://evideo.bg/pe202410/02.html#020400288
020400289,ГР.БУРГАС,"ГР.БУРГАС, ОУ ""П.К. ЯВОРОВ""",https://evideo.bg/pe202410/02.html#020400289
020400290,ГР.БУРГАС,"ГР.БУРГАС, ОУ ""П.К. ЯВОРОВ""",https://evideo.bg/pe202410/02.html#020400290
020400291,ГР.БУРГАС,"ГР.БУРГАС, ОУ ""П.К. ЯВОРОВ""",https://evideo.bg/pe202410/02.html#020400291
020400292,ГР.БУРГАС,"ГР.БУРГАС, ОУ ""П.К. ЯВОРОВ""",https://evideo.bg/pe202410/02.html#020400292
020400293,ГР.БУРГАС,"ГР.БУРГАС, ОУ ""ВАСИЛ АПРИЛОВ""",https://evideo.bg/pe202410/02.html#020400293
020400294,ГР.БУРГАС,"ГР.БУРГАС, ОУ ""ВАСИЛ АПРИЛОВ""",https://evideo.bg/pe202410/02.html#020400294
020400295,ГР.БУРГАС,"ГР.БУРГАС, ОУ ""ВАСИЛ АПРИЛОВ""",https://evideo.bg/pe202410/02.html#020400295
020400296,ГР.БУРГАС,"ГР.БУРГАС, ОУ ""ВАСИЛ АПРИЛОВ""",https://evideo.bg/pe202410/02.html#020400296
020400297,ГР.БУРГАС,"ГР.БУРГАС, ОУ ""ВАСИЛ АПРИЛОВ""",https://evideo.bg/pe202410/02.html#020400297
020400298,ГР.БУРГАС,"ГР.БУРГАС, ОУ ""ВАСИЛ АПРИЛОВ""",https://evideo.bg/pe202410/02.html#020400298
020400299,ГР.БУРГАС,"ГР.БУРГАС, ОУ ""ВАСИЛ АПРИЛОВ""",https://evideo.bg/pe202410/02.html#020400299
020400300,ГР.БУРГАС,"ГР.БУРГАС, ОУ ""ВАСИЛ АПРИЛОВ""",https://evideo.bg/pe202410/02.html#020400300
020400301,ГР.БУРГАС,"ГР.БУРГАС, ОУ ""ВАСИЛ АПРИЛОВ""",https://evideo.bg/pe202410/02.html#020400301
020400302,ГР.БУРГАС,"ГР.БУРГАС, ОУ ""ВАСИЛ АПРИЛОВ""",https://evideo.bg/pe202410/02.html#020400302
020400303,ГР.БУРГАС,"ГР.БУРГАС, ПРОФЕСИОНАЛНА ГИМНАЗИЯ ПО ТРАНСПОРТ",https://evideo.bg/pe202410/02.html#020400303
020400304,ГР.БУРГАС,"ГР.БУРГАС, ПРОФЕСИОНАЛНА ГИМНАЗИЯ ПО ТРАНСПОРТ",https://evideo.bg/pe202410/02.html#020400304
020400305,ГР.БУРГАС,"ГР.БУРГАС, ПРОФЕСИОНАЛНА ГИМНАЗИЯ ПО ТРАНСПОРТ",https://evideo.bg/pe202410/02.html#020400305
020400306,ГР.БУРГАС,"ГР.БУРГАС, ПРОФЕСИОНАЛНА ГИМНАЗИЯ ПО ТРАНСПОРТ",https://evideo.bg/pe202410/02.html#020400306
020400307,ГР.БУРГАС,"ГР.БУРГАС, ПРОФЕСИОНАЛНА ГИМНАЗИЯ ПО ТРАНСПОРТ",https://evideo.bg/pe202410/02.html#020400307
020400308,ГР.БУРГАС,"ГР.БУРГАС, ПРОФЕСИОНАЛНА ГИМНАЗИЯ ПО ТРАНСПОРТ",https://evideo.bg/pe202410/02.html#020400308
020400309,ГР.БУРГАС,"ГР.БУРГАС, КВ.ДОЛНО ЕЗЕРОВО ОУ ""ХРИСТО БОТЕВ""",https://evideo.bg/pe202410/02.html#020400309
020400310,ГР.БУРГАС,"ГР.БУРГАС, КВ.ДОЛНО ЕЗЕРОВО ОУ ""ХРИСТО БОТЕВ""",https://evideo.bg/pe202410/02.html#020400310
020400311,ГР.БУРГАС,"ГР.БУРГАС, КВ.ДОЛНО ЕЗЕРОВО ОУ ""ХРИСТО БОТЕВ""",https://evideo.bg/pe202410/02.html#020400311
020400312,ГР.БУРГАС,"ГР.БУРГАС, КВ.ДОЛНО ЕЗЕРОВО ОУ ""ХРИСТО БОТЕВ""",https://evideo.bg/pe202410/02.html#020400312
020400313,ГР.БУРГАС,"ГР.БУРГАС, КВ.ДОЛНО ЕЗЕРОВО ОУ ""ХРИСТО БОТЕВ""",https://evideo.bg/pe202410/02.html#020400313
020400314,ГР.БУРГАС,"ГР.БУРГАС, КВ.ДОЛНО ЕЗЕРОВО ОУ ""ХРИСТО БОТЕВ""",https://evideo.bg/pe202410/02.html#020400314
020400315,ГР.БУРГАС,"ГР.БУРГАС, КВ.ДОЛНО ЕЗЕРОВО ОУ ""ХРИСТО БОТЕВ""",https://evideo.bg/pe202410/02.html#020400315
020400316,С.БРАТОВО,"С.БРАТОВО, ЧИТАЛИЩЕТО",https://evideo.bg/pe202410/02.html#020400316
020400317,С.БРЯСТОВЕЦ,"С.БРЯСТОВЕЦ, ЧИТАЛИЩЕ ""СВЕТЛИНА""",https://evideo.bg/pe202410/02.html#020400317
020400318,ГР.БЪЛГАРОВО,"ГР.БЪЛГАРОВО, ОУ ""ВАСИЛ ЛЕВСКИ""",https://evideo.bg/pe202410/02.html#020400318
020400319,ГР.БЪЛГАРОВО,"ГР.БЪЛГАРОВО, ОУ ""ВАСИЛ ЛЕВСКИ""",https://evideo.bg/pe202410/02.html#020400319
020400320,С.ДИМЧЕВО,"С.ДИМЧЕВО, ЧИТАЛИЩЕТО",https://evideo.bg/pe202410/02.html#020400320
020400321,С.ДРАГАНОВО,"С.ДРАГАНОВО, ЧИТАЛИЩЕ ""ЛЮБЕН КАРАВЕЛОВ""",https://evideo.bg/pe202410/02.html#020400321
020400322,С.ИЗВОР,"С.ИЗВОР, ПЕНСИОНЕРСКИ КЛУБ",https://evideo.bg/pe202410/02.html#020400322
020400323,С.ИЗВОРИЩЕ,"С.ИЗВОРИЩЕ, СГРАДА НА БИВШЕ ОУ ""ХРИСТО БОТЕВ""",https://evideo.bg/pe202410/02.html#020400323
020400324,С.МАРИНКА,"С.МАРИНКА, АДМИНИСТРАТИВНА СГРАДА НА КМЕТСТВОТО",https://evideo.bg/pe202410/02.html#020400324
020400325,С.МИРОЛЮБОВО,"С.МИРОЛЮБОВО, ПЕНСИОНЕРСКИ КЛУБ",https://evideo.bg/pe202410/02.html#020400325
020400326,С.РАВНЕЦ,"С.РАВНЕЦ, ОУ ""СВ. СВ. КИРИЛ И МЕТОДИЙ""",https://evideo.bg/pe202410/02.html#020400326
020400327,С.РАВНЕЦ,"С.РАВНЕЦ, ОУ ""СВ. СВ. КИРИЛ И МЕТОДИЙ""",https://evideo.bg/pe202410/02.html#020400327
020400328,С.ТВЪРДИЦА,"С.ТВЪРДИЦА, ДЕТСКА ГРАДИНА ""ЧАЙКА""",https://evideo.bg/pe202410/02.html#020400328
020400337,ГР.БУРГАС,"ГР.БУРГАС, ""ПРО""ЕАД-БУРГАСКИ МИН. БАНИ БХ""СВ.МИНА""И ПС""СВ.МИНА 2""КВ.ВЕТРЕН",https://evideo.bg/pe202410/02.html#020400337
020600001,ГР.СРЕДЕЦ,"ГР.СРЕДЕЦ, ДСП(БИВШЕ ОУ ""ВАСИЛ ЛЕВСКИ""), УЛ.""ВАСИЛ КОЛАРОВ"" 28",https://evideo.bg/pe202410/02.html#020600001
020600002,ГР.СРЕДЕЦ,"ГР.СРЕДЕЦ, ПГМССЕ ""Н.Й.ВАПЦАРОВ"", УЛ.""Г.С.РАКОВСКИ""5",https://evideo.bg/pe202410/02.html#020600002
020600003,ГР.СРЕДЕЦ,"ГР.СРЕДЕЦ, СУ ""СВ.СВ.КИРИЛ И МЕТОДИЙ"", УЛ.""В.КОЛАРОВ"" 170",https://evideo.bg/pe202410/02.html#020600003
020600004,ГР.СРЕДЕЦ,"ГР.СРЕДЕЦ, ПЕНСИОНЕРСКИ КЛУБ, УЛ.""ДИМИТЪР КИЧЕВ"" 20",https://evideo.bg/pe202410/02.html#020600004
020600005,ГР.СРЕДЕЦ,"ГР.СРЕДЕЦ, ДЛ-СРЕДЕЦ, УЛ.""В.КОЛАРОВ"" 92",https://evideo.bg/pe202410/02.html#020600005
020600006,ГР.СРЕДЕЦ,"ГР.СРЕДЕЦ, ДГ №2 ""БЪРБОРИНО"", УЛ.""ЙОРДАНКА НИКОЛОВА"" 24",https://evideo.bg/pe202410/02.html#020600006
020600007,ГР.СРЕДЕЦ,"ГР.СРЕДЕЦ, ДГ № 2 (ДО ВОЕННОТО ГРАДЧЕ), УЛ.""ЦВ.РАДОЙНОВ"" 55",https://evideo.bg/pe202410/02.html#020600007
020600008,ГР.СРЕДЕЦ,"ГР.СРЕДЕЦ, ПГМССЕ ""Н.Й.ВАПЦАРОВ"", УЛ.""Г.С.РАКОВСКИ""5",https://evideo.bg/pe202410/02.html#020600008
020600009,С.БЕЛИЛА,"С.БЕЛИЛА, КЛУБА",https://evideo.bg/pe202410/02.html#020600009
020600010,С.РОСЕНОВО,"С.РОСЕНОВО, КЛУБА",https://evideo.bg/pe202410/02.html#020600010
020600011,С.БИСТРЕЦ,"С.БИСТРЕЦ, ПЕНСИОНЕРСКИ КЛУБ",https://evideo.bg/pe202410/02.html#020600011
020600012,С.БОГДАНОВО,"С.БОГДАНОВО, КМЕТСТВОТО",https://evideo.bg/pe202410/02.html#020600012
020600014,С.ВЪЛЧАНОВО,"С.ВЪЛЧАНОВО, КЛУБА",https://evideo.bg/pe202410/02.html#020600014
020600015,С.ГОЛЯМО БУКОВО,"С.ГОЛЯМО БУКОВО, КМЕТСТВОТО",https://evideo.bg/pe202410/02.html#020600015
020600016,С.ГОРНО ЯБЪЛКОВО,"С.ГОРНО ЯБЪЛКОВО, КМЕТСТВОТО",https://evideo.bg/pe202410/02.html#020600016
020600017,С.ДЕБЕЛТ,"С.ДЕБЕЛТ, ДГ ""ДЪГА""",https://evideo.bg/pe202410/02.html#020600017
020600018,С.ДЕБЕЛТ,"С.ДЕБЕЛТ, ОУ ""АНТОН СТРАШИМИРОВ""",https://evideo.bg/pe202410/02.html#020600018
020600019,С.ДОЛНО ЯБЪЛКОВО,"С.ДОЛНО ЯБЪЛКОВО, КЛУБА",https://evideo.bg/pe202410/02.html#020600019
020600020,С.ДРАКА,"С.ДРАКА, ЧИТАЛИЩЕТО",https://evideo.bg/pe202410/02.html#020600020
020600021,С.ДРАЧЕВО,"С.ДРАЧЕВО, КЛУБА",https://evideo.bg/pe202410/02.html#020600021
020600022,С.ДЮЛЕВО,"С.ДЮЛЕВО, ЧИТАЛИЩЕТО",https://evideo.bg/pe202410/02.html#020600022
020600023,С.МОМИНА ЦЪРКВА,"С.МОМИНА ЦЪРКВА, ПЕНСИОНЕРСКИ КЛУБ",https://evideo.bg/pe202410/02.html#020600023
020600024,С.ЗАГОРЦИ,"С.ЗАГОРЦИ, ЧИТАЛИЩЕТО",https://evideo.bg/pe202410/02.html#020600024
020600025,С.КИРОВО,"С.КИРОВО, КЛУБ В КМЕТСТВОТО",https://evideo.bg/pe202410/02.html#020600025
020600028,С.КУБАДИН,"С.КУБАДИН, ЧИТАЛИЩЕТО",https://evideo.bg/pe202410/02.html#020600028
020600029,С.МАЛИНА,"С.МАЛИНА, КЛУБА",https://evideo.bg/pe202410/02.html#020600029
020600030,С.ОРЛИНЦИ,"С.ОРЛИНЦИ, КЛУБА В КМЕТСТВОТО",https://evideo.bg/pe202410/02.html#020600030
020600031,С.ПРОХОД,"С.ПРОХОД, КЛУБА В КМЕТСТВОТО",https://evideo.bg/pe202410/02.html#020600031
020600032,С.ПЪНЧЕВО,"С.ПЪНЧЕВО, КЛУБА",https://evideo.bg/pe202410/02.html#020600032
020600033,С.РАДОЙНОВО,"С.РАДОЙНОВО, КМЕТСТВОТО",https://evideo.bg/pe202410/02.html#020600033
020600034,С.СВЕТЛИНА,"С.СВЕТЛИНА, ЧИТАЛИЩЕТО",https://evideo.bg/pe202410/02.html#020600034
020600035,С.СЛИВОВО,"С.СЛИВОВО, КМЕТСТВОТО",https://evideo.bg/pe202410/02.html#020600035
020600038,С.СУХОДОЛ,"С.СУХОДОЛ, ЧИТАЛИЩЕТО",https://evideo.bg/pe202410/02.html#020600038
020600039,С.ФАКИЯ,"С.ФАКИЯ, КЛУБ В КМЕТСТВОТО",https://evideo.bg/pe202410/02.html#020600039
020600040,ГР.СРЕДЕЦ,"ГР.СРЕДЕЦ, КЛУБ КВ.""ПОБЕДА"" УЛ.""СТРАНДЖА"" 25",https://evideo.bg/pe202410/02.html#020600040
020600041,ГР.СРЕДЕЦ,"ГР.СРЕДЕЦ, СУ ""СВ.СВ.КИРИЛ И МЕТОДИЙ"", УЛ.""ВАСИЛ КОЛАРОВ"" 170",https://evideo.bg/pe202410/02.html#020600041
020600042,ГР.СРЕДЕЦ,"ГР.СРЕДЕЦ, ПГМССЕ ""Н.Й.ВАПЦАРОВ"", УЛ.""Г.С.РАКОВСКИ""5",https://evideo.bg/pe202410/02.html#020600042
020600043,С.ЗОРНИЦА,"С.ЗОРНИЦА, МНОГОФУНКЦИОНАЛНА ЗАЛА",https://evideo.bg/pe202410/02.html#020600043
020800001,ГР.КАМЕНО,"ГР.КАМЕНО, ЗАЛА ГРАЖДАНСКА ЗАЩИТА",https://evideo.bg/pe202410/02.html#020800001
020800002,ГР.КАМЕНО,"ГР.КАМЕНО, СУ ""ХРИСТО БОТЕВ"" - НОВА СГРАДА",https://evideo.bg/pe202410/02.html#020800002
020800003,ГР.КАМЕНО,"ГР.КАМЕНО, КЛУБ НА ПЕНСИОНЕРА",https://evideo.bg/pe202410/02.html#020800003
020800004,ГР.КАМЕНО,"ГР.КАМЕНО, СУ ""ХРИСТО БОТЕВ"" - СТАРА СГРАДА",https://evideo.bg/pe202410/02.html#020800004
020800005,ГР.КАМЕНО,"ГР.КАМЕНО, СУ ""ХРИСТО БОТЕВ"" - СТАРА СГРАДА",https://evideo.bg/pe202410/02.html#020800005
020800006,ГР.КАМЕНО,"ГР.КАМЕНО, ЗАЛА ШАХ КЛУБ ЗАД ЧИТАЛИЩЕ ""ПРОСВЕТА""",https://evideo.bg/pe202410/02.html#020800006
020800007,С.ВИНАРСКО,"С.ВИНАРСКО, ЧИТАЛИЩЕТО",https://evideo.bg/pe202410/02.html#020800007
020800008,С.ВРАТИЦА,"С.ВРАТИЦА, КМЕТСТВОТО",https://evideo.bg/pe202410/02.html#020800008
020800009,С.ЖЕЛЯЗОВО,"С.ЖЕЛЯЗОВО, ПЕНСИОНЕРСКИ КЛУБ",https://evideo.bg/pe202410/02.html#020800009
020800010,С.КРЪСТИНА,"С.КРЪСТИНА, ЧИТАЛИЩЕТО",https://evideo.bg/pe202410/02.html#020800010
020800011,С.ЛИВАДА,"С.ЛИВАДА, КМЕТСТВОТО",https://evideo.bg/pe202410/02.html#020800011
020800012,С.КОНСТАНТИНОВО,"С.КОНСТАНТИНОВО, ЧИТАЛИЩЕТО",https://evideo.bg/pe202410/02.html#020800012
020800013,С.ПОЛСКИ ИЗВОР,"С.ПОЛСКИ ИЗВОР, ЧИТАЛИЩЕТО",https://evideo.bg/pe202410/02.html#020800013
020800014,С.РУСОКАСТРО,"С.РУСОКАСТРО, ОУ ""ИВАН ВАЗОВ""",https://evideo.bg/pe202410/02.html#020800014
020800015,С.РУСОКАСТРО,"С.РУСОКАСТРО, ОУ ""ИВАН ВАЗОВ""",https://evideo.bg/pe202410/02.html#020800015
020800016,С.СВОБОДА,"С.СВОБОДА, КМЕТСТВОТО-КЛУБ",https://evideo.bg/pe202410/02.html#020800016
020800017,С.ТРЪСТИКОВО,"С.ТРЪСТИКОВО, КЛУБ НА ПЕНСИОНЕРА",https://evideo.bg/pe202410/02.html#020800017
020800018,С.ТРОЯНОВО,"С.ТРОЯНОВО, ОУ ""ХРИСТО БОТЕВ""",https://evideo.bg/pe202410/02.html#020800018
020800019,С.ТРОЯНОВО,"С.ТРОЯНОВО, ОУ ""ХРИСТО БОТЕВ""",https://evideo.bg/pe202410/02.html#020800019
020800020,С.ЧЕРНИ ВРЪХ,"С.ЧЕРНИ ВРЪХ, ЧИТАЛИЩЕТО",https://evideo.bg/pe202410/02.html#020800020
020900001,ГР.КАРНОБАТ,"ГР.КАРНОБАТ, СУ ""СВ.СВ.КИРИЛ И МЕТОДИЙ"" - МАЛКА СГРАДА",https://evideo.bg/pe202410/02.html#020900001
020900002,ГР.КАРНОБАТ,"ГР.КАРНОБАТ, СУ ""СВ.СВ.КИРИЛ И МЕТОДИЙ"" - МАЛКА СГРАДА",https://evideo.bg/pe202410/02.html#020900002
020900003,ГР.КАРНОБАТ,"ГР.КАРНОБАТ, СУ ""СВ.СВ.КИРИЛ И МЕТОДИЙ"" - МАЛКА СГРАДА",https://evideo.bg/pe202410/02.html#020900003
020900004,ГР.КАРНОБАТ,"ГР.КАРНОБАТ, СУ ""СВ.СВ.КИРИЛ И МЕТОДИЙ"" - ГОЛЯМА СГРАДА",https://evideo.bg/pe202410/02.html#020900004
020900005,ГР.КАРНОБАТ,"ГР.КАРНОБАТ, СУ ""СВ.СВ.КИРИЛ И МЕТОДИЙ"" - ГОЛЯМА СГРАДА",https://evideo.bg/pe202410/02.html#020900005
020900006,ГР.КАРНОБАТ,"ГР.КАРНОБАТ, ОУ ""ХРИСТО СМИРНЕНСКИ"" - СПОМАГАТЕЛНА СГРАДА (БИВШЕ ОУ ""СОФРОНИЙ"")",https://evideo.bg/pe202410/02.html#020900006
020900007,ГР.КАРНОБАТ,"ГР.КАРНОБАТ, ОУ ""ХРИСТО СМИРНЕНСКИ"" - СПОМАГАТЕЛНА СГРАДА (БИВШЕ ОУ ""СОФРОНИЙ"")",https://evideo.bg/pe202410/02.html#020900007
020900008,ГР.КАРНОБАТ,"ГР.КАРНОБАТ, СУ ""СВ.СВ.КИРИЛ И МЕТОДИЙ"" - МАЛКА СГРАДА",https://evideo.bg/pe202410/02.html#020900008
020900009,ГР.КАРНОБАТ,"ГР.КАРНОБАТ, ЦЕНТЪР ЗА ОБЩЕСТВЕНА ПОДКРЕПА, УЛ.""АЛЕКСИ НЕЙЧЕВ""14",https://evideo.bg/pe202410/02.html#020900009
020900010,ГР.КАРНОБАТ,"ГР.КАРНОБАТ, НАРОДНО ЧИТАЛИЩЕ ""Д.ПОЛЯНОВ-1862""",https://evideo.bg/pe202410/02.html#020900010
020900011,ГР.КАРНОБАТ,"ГР.КАРНОБАТ, KЛУБ НА ПЕНСИОНЕРА, УЛ.""АЛ.НЕЙЧЕВ""",https://evideo.bg/pe202410/02.html#020900011
020900012,ГР.КАРНОБАТ,"ГР.КАРНОБАТ, ЦСРИ ""НАДЕЖДА"" ( БИВШЕ ПУ ""МИНКО НЕВОЛИН"")",https://evideo.bg/pe202410/02.html#020900012
020900013,ГР.КАРНОБАТ,"ГР.КАРНОБАТ, ОУ ""ХРИСТО СМИРНЕНСКИ""",https://evideo.bg/pe202410/02.html#020900013
020900014,ГР.КАРНОБАТ,"ГР.КАРНОБАТ, ОУ ""ХРИСТО СМИРНЕНСКИ""",https://evideo.bg/pe202410/02.html#020900014
020900015,ГР.КАРНОБАТ,"ГР.КАРНОБАТ, СУ ""ХРИСТО БОТЕВ""",https://evideo.bg/pe202410/02.html#020900015
020900016,ГР.КАРНОБАТ,"ГР.КАРНОБАТ, ЦСРИ ""НАДЕЖДА"" (БИВШЕ ПУ ""МИНКО НЕВОЛИН"")",https://evideo.bg/pe202410/02.html#020900016
020900017,ГР.КАРНОБАТ,"ГР.КАРНОБАТ, СУ ""ХРИСТО БОТЕВ""",https://evideo.bg/pe202410/02.html#020900017
020900018,ГР.КАРНОБАТ,"ГР.КАРНОБАТ, СУ ""ХРИСТО БОТЕВ""",https://evideo.bg/pe202410/02.html#020900018
020900019,ГР.КАРНОБАТ,"ГР.КАРНОБАТ, СУ ""ХРИСТО БОТЕВ""",https://evideo.bg/pe202410/02.html#020900019
020900020,ГР.КАРНОБАТ,"ГР.КАРНОБАТ, ОУ ""П.Р.СЛАВЕЙКОВ""",https://evideo.bg/pe202410/02.html#020900020
020900021,ГР.КАРНОБАТ,"ГР.КАРНОБАТ, ДЦПДУТС БИВШЕ НУ ""ПАИСИЙ""",https://evideo.bg/pe202410/02.html#020900021
020900022,ГР.КАРНОБАТ,"ГР.КАРНОБАТ, ДЦПДУТС БИВШЕ НУ ""ПАИСИЙ""",https://evideo.bg/pe202410/02.html#020900022
020900023,ГР.КАРНОБАТ,"ГР.КАРНОБАТ, ПОМЕЩЕНИЕ В АДМИНИСТРАТИВНА СГРАДА НА Ж.П.ГАРА",https://evideo.bg/pe202410/02.html#020900023
020900024,ГР.КАРНОБАТ,"ГР.КАРНОБАТ, ПЛ. ""ПЪРВИ МАЙ"", ПЕНСИОНЕРСКИ КЛУБ ""ТРАКИЯ""",https://evideo.bg/pe202410/02.html#020900024
020900025,ГР.КАРНОБАТ,"ГР.КАРНОБАТ, ОУ ""П.Р.СЛАВЕЙКОВ""",https://evideo.bg/pe202410/02.html#020900025
020900026,ГР.КАРНОБАТ,"ГР.КАРНОБАТ, СУ ""ХРИСТО БОТЕВ""",https://evideo.bg/pe202410/02.html#020900026
020900027,ГР.КАРНОБАТ,"ГР.КАРНОБАТ, СУ""СВ.СВ.КИРИЛ И МЕТОДИЙ""-МАЛКА СГРАДА",https://evideo.bg/pe202410/02.html#020900027
020900028,С.ИСКРА,"С.ИСКРА, ПЕНСИОНЕРСКИ КЛУБ",https://evideo.bg/pe202410/02.html#020900028
020900029,С.ЕКЗАРХ АНТИМОВО,"С.ЕКЗАРХ АНТИМОВО, ЧИТАЛИЩЕТО",https://evideo.bg/pe202410/02.html#020900029
020900030,С.ЕКЗАРХ АНТИМОВО,"С.ЕКЗАРХ АНТИМОВО, ОУ ""ХРИСТО БОТЕВ""",https://evideo.bg/pe202410/02.html#020900030
020900031,С.ДРАГАНЦИ,"С.ДРАГАНЦИ, ПЕНСИОНЕРСКИ КЛУБ",https://evideo.bg/pe202410/02.html#020900031
020900032,С.ДОБРИНОВО,"С.ДОБРИНОВО, ЧИТАЛИЩЕТО",https://evideo.bg/pe202410/02.html#020900032
020900033,С.СМОЛНИК,"С.СМОЛНИК, ПЕНСИОНЕРСКИ КЛУБ",https://evideo.bg/pe202410/02.html#020900033
020900034,С.ЖИТОСВЯТ,"С.ЖИТОСВЯТ, КМЕТСТВОТО",https://evideo.bg/pe202410/02.html#020900034
020900035,С.ДЕВЕТАК,"С.ДЕВЕТАК, ЧИТАЛИЩЕТО",https://evideo.bg/pe202410/02.html#020900035
020900036,С.САН-СТЕФАНО,"С.САН-СТЕФАНО, КЛУБ НА ПЕНСИОНЕРА",https://evideo.bg/pe202410/02.html#020900036
020900037,С.ЖЕЛЕЗНИК,"С.ЖЕЛЕЗНИК, КЛУБ НА ПЕНСИОНЕРА",https://evideo.bg/pe202410/02.html#020900037
020900038,С.НЕВЕСТИНО,"С.НЕВЕСТИНО, КЛУБ НА ПЕНСИОНЕРА",https://evideo.bg/pe202410/02.html#020900038
020900039,С.МЪДРИНО,"С.МЪДРИНО, КЛУБ НА ПЕНСИОНЕРА",https://evideo.bg/pe202410/02.html#020900039
020900040,С.СИГМЕН,"С.СИГМЕН, КМЕТСТВОТО",https://evideo.bg/pe202410/02.html#020900040
020900041,С.РАКЛИЦА,"С.РАКЛИЦА, КМЕТСТВОТО",https://evideo.bg/pe202410/02.html#020900041
020900042,С.СОКОЛОВО,"С.СОКОЛОВО, КМЕТСТВОТО",https://evideo.bg/pe202410/02.html#020900042
020900043,С.ДРАГОВО,"С.ДРАГОВО, КМЕТСТВОТО",https://evideo.bg/pe202410/02.html#020900043
020900044,С.ГЛУМЧЕ,"С.ГЛУМЧЕ, ЧИТАЛИЩЕТО",https://evideo.bg/pe202410/02.html#020900044
020900045,С.ЗИМЕН,"С.ЗИМЕН, КМЕТСТВОТО",https://evideo.bg/pe202410/02.html#020900045
020900046,С.КЛИКАЧ,"С.КЛИКАЧ, КМЕТСТВОТО",https://evideo.bg/pe202410/02.html#020900046
020900047,С.ХАДЖИИТЕ,"С.ХАДЖИИТЕ, КМЕТСТВОТО",https://evideo.bg/pe202410/02.html#020900047
020900048,С.КОЗАРЕ,"С.КОЗАРЕ, КМЕТСТВОТО",https://evideo.bg/pe202410/02.html#020900048
020900049,С.КРУШОВО,"С.КРУШОВО, КЛУБ НА ПЕНСИОНЕРА",https://evideo.bg/pe202410/02.html#020900049
020900050,С.АСПАРУХОВО,"С.АСПАРУХОВО, ЧИТАЛИЩЕТО",https://evideo.bg/pe202410/02.html#020900050
020900051,С.ДЕТЕЛИНА,"С.ДЕТЕЛИНА, КМЕТСТВОТО",https://evideo.bg/pe202410/02.html#020900051
020900052,С.ЧЕРКОВО,"С.ЧЕРКОВО, ЧИТАЛИЩЕТО",https://evideo.bg/pe202410/02.html#020900052
020900053,С.СЪРНЕВО,"С.СЪРНЕВО, КЛУБ НА ПЕНСИОНЕРА",https://evideo.bg/pe202410/02.html#020900053
020900054,С.ЦЕРКОВСКИ,"С.ЦЕРКОВСКИ, КМЕТСТВОТО",https://evideo.bg/pe202410/02.html#020900054
020900055,С.ВЕНЕЦ,"С.ВЕНЕЦ, КЛУБ НА ПЕНСИОНЕРА",https://evideo.bg/pe202410/02.html#020900055
020900056,С.КРУМОВО ГРАДИЩЕ,"С.КРУМОВО ГРАДИЩЕ, КЛУБ НА ПЕНСИОНЕРА",https://evideo.bg/pe202410/02.html#020900056
020900057,С.ДЕВЕТИНЦИ,"С.ДЕВЕТИНЦИ, КМЕТСТВОТО",https://evideo.bg/pe202410/02.html#020900057
020900058,С.ОГНЕН,"С.ОГНЕН, КМЕТСТВОТО",https://evideo.bg/pe202410/02.html#020900058
021200001,ГР.МАЛКО ТЪРНОВО,"ГР.МАЛКО ТЪРНОВО, НЧ ""ГЕОРГИ ПОПАЯНОВ 1914""",https://evideo.bg/pe202410/02.html#021200001
021200002,ГР.МАЛКО ТЪРНОВО,"ГР.МАЛКО ТЪРНОВО, БИЗНЕС ЦЕНТЪР",https://evideo.bg/pe202410/02.html#021200002
021200003,ГР.МАЛКО ТЪРНОВО,"ГР.МАЛКО ТЪРНОВО, НЧ ""ГЕОРГИ ПОПАЯНОВ 1914""",https://evideo.bg/pe202410/02.html#021200003
021200004,ГР.МАЛКО ТЪРНОВО,"ГР.МАЛКО ТЪРНОВО, КЛУБ НА ПЕНСИОНЕРА",https://evideo.bg/pe202410/02.html#021200004
021200005,С.БЛИЗНАК,"С.БЛИЗНАК, КМЕТСТВОТО",https://evideo.bg/pe202410/02.html#021200005
021200007,С.ГРАМАТИКОВО,"С.ГРАМАТИКОВО, ЧИТАЛИЩЕТО",https://evideo.bg/pe202410/02.html#021200007
021200008,С.ВИЗИЦА,"С.ВИЗИЦА, КМЕТСТВОТО",https://evideo.bg/pe202410/02.html#021200008
021200009,С.ЗАБЕРНОВО,"С.ЗАБЕРНОВО, КМЕТСТВОТО",https://evideo.bg/pe202410/02.html#021200009
021200011,С.СТОИЛОВО,"С.СТОИЛОВО, КМЕТСТВОТО",https://evideo.bg/pe202410/02.html#021200011
021200012,С.БРЪШЛЯН,"С.БРЪШЛЯН, КМЕТСТВОТО",https://evideo.bg/pe202410/02.html#021200012
021200013,С.ЗВЕЗДЕЦ,"С.ЗВЕЗДЕЦ, КМЕТСТВОТО",https://evideo.bg/pe202410/02.html#021200013
021200016,С.БЯЛА ВОДА,"С.БЯЛА ВОДА, КМЕТСТВОТО",https://evideo.bg/pe202410/02.html#021200016
021300001,ГР.ЦАРЕВО,"ГР.ЦАРЕВО, ОП""ПРИСТАНИЩЕ""- АДМИНИСТРАТИВНА СГРАДА, РАЙОН ПРИСТАНИЩЕ",https://evideo.bg/pe202410/02.html#021300001
021300002,ГР.ЦАРЕВО,"ГР.ЦАРЕВО, СУ ""Н.Й.ВАПЦАРОВ""-УЛ.""ХАН АСПАРУХ""38",https://evideo.bg/pe202410/02.html#021300002
021300003,ГР.ЦАРЕВО,"ГР.ЦАРЕВО, КУХНЯ-ДСП И ДМК- УЛ. НЕПТУН № 1",https://evideo.bg/pe202410/02.html#021300003
021300004,ГР.ЦАРЕВО,"ГР.ЦАРЕВО, ЛЕКЦИОННА ЗАЛА НА ЧИТАЛИЩЕ ""Г.КОНДОЛОВ""-УЛ.ХАН АСПАРУХ""34",https://evideo.bg/pe202410/02.html#021300004
021300005,ГР.ЦАРЕВО,"ГР.ЦАРЕВО, ОБЩИНСКА КЪЩА-КВ.ВАСИЛИКО, УЛ.""СВ.СВ.КОНСТАНТИН И ЕЛЕНА""5",https://evideo.bg/pe202410/02.html#021300005
021300006,ГР.ЦАРЕВО,"ГР.ЦАРЕВО, СУ""Н.Й.ВАПЦАРОВ""-НАЧАЛНО УЧИЛИЩЕ, УЛ.""МИЛИН КАМЪК""№13",https://evideo.bg/pe202410/02.html#021300006
021300007,ГР.ЦАРЕВО,"ГР.ЦАРЕВО, СУ""Н.Й.ВАПЦАРОВ""-НАЧАЛНО УЧИЛИЩЕ, УЛ.""МИЛИН КАМЪК""№13",https://evideo.bg/pe202410/02.html#021300007
021300008,ГР.ЦАРЕВО,"ГР.ЦАРЕВО, СГРАДАТА НА ""СТРАНДЖА АВТОТРАНСПОРТ"" АД-УЛ.""МИХАИЛ ГЕРДЖИКОВ""21",https://evideo.bg/pe202410/02.html#021300008
021300009,С.ИЗГРЕВ,"С.ИЗГРЕВ, КМЕТСТВОТО-УЛ.""СВЕТА МАРИНА""10",https://evideo.bg/pe202410/02.html#021300009
021300010,С.ЛОЗЕНЕЦ,"С.ЛОЗЕНЕЦ, КМЕТСТВОТО- УЛ. ""КРАЙМОРСКА""17",https://evideo.bg/pe202410/02.html#021300010
021300011,С.ВЕЛИКА,"С.ВЕЛИКА, КМЕТСТВОТО-УЛ.""ГЕОРГИ КОНДОЛОВ""35А",https://evideo.bg/pe202410/02.html#021300011
021300012,С.ФАЗАНОВО,"С.ФАЗАНОВО, КМЕТСТВОТО-УЛ.""ПРЕОБРАЖЕНСКА""13",https://evideo.bg/pe202410/02.html#021300012
021300013,ГР.АХТОПОЛ,"ГР.АХТОПОЛ, ЧИТАЛИЩЕ ""ХРИСТО БОТЕВ""-УЛ.""ТРАКИЯ""2",https://evideo.bg/pe202410/02.html#021300013
021300014,ГР.АХТОПОЛ,"ГР.АХТОПОЛ, УЧИЛИЩЕ ""СВ.СВ.КИРИЛ И МЕТОДИЙ""-УЛ.""ВЕЛЕКА""16",https://evideo.bg/pe202410/02.html#021300014
021300015,С.РЕЗОВО,"С.РЕЗОВО, КМЕТСТВОТО-УЛ.""РЕЗВАЯ""3",https://evideo.bg/pe202410/02.html#021300015
021300016,С.СИНЕМОРЕЦ,"С.СИНЕМОРЕЦ, КМЕТСТВОТО-УЛ.""ПРЕОБРАЖЕНИЕ""№18",https://evideo.bg/pe202410/02.html#021300016
021300017,С.БРОДИЛОВО,"С.БРОДИЛОВО, ПЕНСИОНЕРСКИ КЛУБ-УЛ.""ЦАР ИВАН АСЕН II""11",https://evideo.bg/pe202410/02.html#021300017
021300018,С.КОСТИ,"С.КОСТИ, ПЕНСИОНЕРСКИ КЛУБ-УЛ.""ПОБЕДА""1",https://evideo.bg/pe202410/02.html#021300018
021300019,С.ВАРВАРА,"С.ВАРВАРА, КМЕТСТВОТО-УЛ.""РЕНЕ ШАРОН""20",https://evideo.bg/pe202410/02.html#021300019
021300020,С.БЪЛГАРИ,"С.БЪЛГАРИ, КМЕТСТВОТО-ПЛ.""СВ.СВ.КОНСТАНТИН И ЕЛЕНА""3",https://evideo.bg/pe202410/02.html#021300020
021500001,ГР.НЕСЕБЪР,"ГР.НЕСЕБЪР, СОУ ""Л.КАРАВЕЛОВ"", ГР.НЕСЕБЪР-СТАРА ЧАСТ, УЛ. ""МЕНА"" 1",https://evideo.bg/pe202410/02.html#021500001
021500002,ГР.НЕСЕБЪР,"ГР.НЕСЕБЪР, КОНФЕРЕНТЕН ЦЕНТЪР, ГР. НЕСЕБЪР-СТАРА ЧАСТ, УЛ.""МЕСАМБРИЯ"" 20",https://evideo.bg/pe202410/02.html#021500002
021500003,ГР.НЕСЕБЪР,"ГР.НЕСЕБЪР, КЛУБ НА ПЕНСИОНЕРА, ГР. НЕСЕБЪР-СТАРА ЧАСТ, УЛ.""МИТРОПОЛИТСКА"" 15",https://evideo.bg/pe202410/02.html#021500003
021500004,ГР.НЕСЕБЪР,"ГР.НЕСЕБЪР, СОУ ""Л.КАРАВЕЛОВ"", ГР.НЕСЕБЪР-НОВА ЧАСТ, УЛ.""Л.КАРАВЕЛОВ"" 3",https://evideo.bg/pe202410/02.html#021500004
021500005,ГР.НЕСЕБЪР,"ГР.НЕСЕБЪР, СОУ ""Л.КАРАВЕЛОВ"", ГР.НЕСЕБЪР-НОВА ЧАСТ, УЛ.""Л.КАРАВЕЛОВ"" 3",https://evideo.bg/pe202410/02.html#021500005
021500006,ГР.НЕСЕБЪР,"ГР.НЕСЕБЪР, ЗАСЕДАТЕЛНА ЗАЛА ""МЕЛСА"", ГР.НЕСЕБЪР-НОВА ЧАСТ, УЛ. ""ИВ. ВАЗОВ"" 12",https://evideo.bg/pe202410/02.html#021500006
021500007,ГР.НЕСЕБЪР,"ГР.НЕСЕБЪР, ОФИС № 2 НА ОБЩИНАТА, ГР. НЕСЕБЪР-НОВА ЧАСТ, УЛ. ""ЕДЕЛВАЙС"" 10",https://evideo.bg/pe202410/02.html#021500007
021500008,ГР.НЕСЕБЪР,"ГР.НЕСЕБЪР, ОФИС № 3 НА ОБЩИНА НЕСЕБЪР, ГР.НЕСЕБЪР-НОВА ЧАСТ, Ж.К.""МЛАДОСТ"", БЛ.30",https://evideo.bg/pe202410/02.html#021500008
021500009,ГР.НЕСЕБЪР,"ГР.НЕСЕБЪР, КЛУБ НА ПЕНСИОНЕРА, ГР. НЕСЕБЪР-НОВА ЧАСТ, УЛ.""ОТЕЦ ПАИСИЙ"" 25",https://evideo.bg/pe202410/02.html#021500009
021500010,ГР.НЕСЕБЪР,"ГР.НЕСЕБЪР, ОБЩИНСКИ ДЕТСКИ КОМПЛЕКС, ГР. НЕСЕБЪР-НОВА ЧАСТ, Ж.К. ""МЛАДОСТ"", БЛ.62",https://evideo.bg/pe202410/02.html#021500010
021500011,ГР.НЕСЕБЪР,"ГР.НЕСЕБЪР, ОФИСИ НА ОТДЕЛ""ЕКОЛОГИЯ""/БЕЛИЯ БЛОК/-НОВА ЧАСТ, Ж.К. ""МЛАДОСТ"", БЛ.62Г",https://evideo.bg/pe202410/02.html#021500011
021500012,ГР.НЕСЕБЪР,"ГР.НЕСЕБЪР, ПГ ""ИВАН ВАЗОВ"", ""СЛЪНЧЕВ БРЯГ""-ЗАПАД",https://evideo.bg/pe202410/02.html#021500012
021500013,ГР.НЕСЕБЪР,"ГР.НЕСЕБЪР, ПГ ""ИВАН ВАЗОВ"", ""СЛЪНЧЕВ БРЯГ""-ЗАПАД",https://evideo.bg/pe202410/02.html#021500013
021500014,С.БАНЯ,"С.БАНЯ, ОСНОВНО УЧИЛИЩЕ С.БАНЯ",https://evideo.bg/pe202410/02.html#021500014
021500015,ГР.СВЕТИ ВЛАС,"ГР.СВЕТИ ВЛАС, ОСНОВНО УЧИЛИЩЕ ГР.СВЕТИ ВЛАС",https://evideo.bg/pe202410/02.html#021500015
021500016,ГР.СВЕТИ ВЛАС,"ГР.СВЕТИ ВЛАС, ОСНОВНО УЧИЛИЩЕ ГР.СВЕТИ ВЛАС",https://evideo.bg/pe202410/02.html#021500016
021500017,ГР.СВЕТИ ВЛАС,"ГР.СВЕТИ ВЛАС, ОСНОВНО УЧИЛИЩЕ ГР.СВЕТИ ВЛАС",https://evideo.bg/pe202410/02.html#021500017
021500018,С.ГЮЛЬОВЦА,"С.ГЮЛЬОВЦА, ОСНОВНО УЧИЛИЩЕ С.ГЮЛЬОВЦА",https://evideo.bg/pe202410/02.html#021500018
021500019,С.ГЮЛЬОВЦА,"С.ГЮЛЬОВЦА, ОСНОВНО УЧИЛИЩЕ С.ГЮЛЬОВЦА",https://evideo.bg/pe202410/02.html#021500019
021500020,С.КОШАРИЦА,"С.КОШАРИЦА, ОСНОВНО УЧИЛИЩЕ С.КОШАРИЦА",https://evideo.bg/pe202410/02.html#021500020
021500021,С.КОШАРИЦА,"С.КОШАРИЦА, ОСНОВНО УЧИЛИЩЕ С.КОШАРИЦА",https://evideo.bg/pe202410/02.html#021500021
021500022,ГР.ОБЗОР,"ГР.ОБЗОР, ОСНОВНО УЧИЛИЩЕ ГР.ОБЗОР",https://evideo.bg/pe202410/02.html#021500022
021500023,ГР.ОБЗОР,"ГР.ОБЗОР, ОСНОВНО УЧИЛИЩЕ ГР.ОБЗОР",https://evideo.bg/pe202410/02.html#021500023
021500024,ГР.ОБЗОР,"ГР.ОБЗОР, ОСНОВНО УЧИЛИЩЕ ГР.ОБЗОР",https://evideo.bg/pe202410/02.html#021500024
021500025,С.РАКОВСКОВО,"С.РАКОВСКОВО, ЗАЛА НА КМЕТСТВОТО С.РАКОВСКОВО",https://evideo.bg/pe202410/02.html#021500025
021500026,С.ПРИСЕЛЦИ,"С.ПРИСЕЛЦИ, ЗАЛА НА КМЕТСТВОТО С. ПРИСЕЛЦИ",https://evideo.bg/pe202410/02.html#021500026
021500027,С.ОРИЗАРЕ,"С.ОРИЗАРЕ, ОСНОВНО УЧИЛИЩЕ С.ОРИЗАРЕ",https://evideo.bg/pe202410/02.html#021500027
021500028,С.ОРИЗАРЕ,"С.ОРИЗАРЕ, ОСНОВНО УЧИЛИЩЕ С.ОРИЗАРЕ",https://evideo.bg/pe202410/02.html#021500028
021500029,С.ПАНИЦОВО,"С.ПАНИЦОВО, КЛУБ НА ОС С.ПАНИЦОВО",https://evideo.bg/pe202410/02.html#021500029
021500030,С.РАВДА,"С.РАВДА, ОСНОВНО УЧИЛИЩЕ С.РАВДА",https://evideo.bg/pe202410/02.html#021500030
021500031,С.РАВДА,"С.РАВДА, ЗАЛА НА КМЕТСТВОТО С.РАВДА, УЛ.""МАКЕДОНИЯ"" 2",https://evideo.bg/pe202410/02.html#021500031
021500032,С.ТЪНКОВО,"С.ТЪНКОВО, ОСНОВНО УЧИЛИЩЕ С.ТЪНКОВО",https://evideo.bg/pe202410/02.html#021500032
021500033,С.ТЪНКОВО,"С.ТЪНКОВО, ОСНОВНО УЧИЛИЩЕ С.ТЪНКОВО",https://evideo.bg/pe202410/02.html#021500033
021500034,ГР.НЕСЕБЪР,"ГР.НЕСЕБЪР, ЦДГ ""МОРЯЧЕ"" - КВ.""ЧЕРНО МОРЕ""",https://evideo.bg/pe202410/02.html#021500034
021500035,ГР.НЕСЕБЪР,"ГР.НЕСЕБЪР, ПГ""ИВАН ВАЗОВ""-К.К.СЛЪНЧЕВ БРЯГ",https://evideo.bg/pe202410/02.html#021500035
021500036,С.РАВДА,"С.РАВДА, ПЕНСИОНЕРСКИ КЛУБ В СГРАДАТА НА КМЕТСТВОТО С.РАВДА, УЛ.""МАКЕДОНИЯ""2",https://evideo.bg/pe202410/02.html#021500036
021700001,С.АЛЕКСАНДРОВО,"С.АЛЕКСАНДРОВО, КМЕТСТВОТО",https://evideo.bg/pe202410/02.html#021700001
021700002,ГР.АХЕЛОЙ,"ГР.АХЕЛОЙ, ОУ ""ХРИСТО БОТЕВ""",https://evideo.bg/pe202410/02.html#021700002
021700003,ГР.АХЕЛОЙ,"ГР.АХЕЛОЙ, ОУ ""ХРИСТО БОТЕВ""",https://evideo.bg/pe202410/02.html#021700003
021700004,ГР.АХЕЛОЙ,"ГР.АХЕЛОЙ, ОУ ""ХРИСТО БОТЕВ""",https://evideo.bg/pe202410/02.html#021700004
021700005,ГР.АХЕЛОЙ,"ГР.АХЕЛОЙ, ОУ ""ХРИСТО БОТЕВ""",https://evideo.bg/pe202410/02.html#021700005
021700006,С.БАТА,"С.БАТА, ОУ ""ХРИСТО БОТЕВ""",https://evideo.bg/pe202410/02.html#021700006
021700007,С.БАТА,"С.БАТА, ОУ ""ХРИСТО БОТЕВ""",https://evideo.bg/pe202410/02.html#021700007
021700008,С.БЕЛОДОЛ,"С.БЕЛОДОЛ, КМЕТСТВОТО",https://evideo.bg/pe202410/02.html#021700008
021700009,С.ГАБЕРОВО,"С.ГАБЕРОВО, НУ ""КОНСТАНТИН ВЕЛИЧКОВ""",https://evideo.bg/pe202410/02.html#021700009
021700010,С.ГЪЛЪБЕЦ,"С.ГЪЛЪБЕЦ, ОУ ""ГЕОРГИ СТОЙКОВ РАКОВСКИ""",https://evideo.bg/pe202410/02.html#021700010
021700011,С.ГЪЛЪБЕЦ,"С.ГЪЛЪБЕЦ, ОУ ""ГЕОРГИ СТОЙКОВ РАКОВСКИ""",https://evideo.bg/pe202410/02.html#021700011
021700012,С.ДЪБНИК,"С.ДЪБНИК, ОУ ""ЕЛИН ПЕЛИН""",https://evideo.bg/pe202410/02.html#021700012
021700013,ГР.ПОМОРИЕ,"ГР.ПОМОРИЕ, НЧ ""ПРОСВЕТА 1888"" ГР.ПОМОРИЕ-ФИЛИАЛ КВ.КАМЕНАР",https://evideo.bg/pe202410/02.html#021700013
021700014,ГР.КАБЛЕШКОВО,"ГР.КАБЛЕШКОВО, ОУ ""СВ. ПАИСИЙ ХИЛЕНДАРСКИ""",https://evideo.bg/pe202410/02.html#021700014
021700015,ГР.КАБЛЕШКОВО,"ГР.КАБЛЕШКОВО, ОУ ""СВ. ПАИСИЙ ХИЛЕНДАРСКИ""",https://evideo.bg/pe202410/02.html#021700015
021700016,ГР.КАБЛЕШКОВО,"ГР.КАБЛЕШКОВО, ОУ ""СВ. ПАИСИЙ ХИЛЕНДАРСКИ""",https://evideo.bg/pe202410/02.html#021700016
021700017,ГР.КАБЛЕШКОВО,"ГР.КАБЛЕШКОВО, ОУ ""СВ. ПАИСИЙ ХИЛЕНДАРСКИ""",https://evideo.bg/pe202410/02.html#021700017
021700018,ГР.ПОМОРИЕ,"ГР.ПОМОРИЕ, СУ ""ИВАН ВАЗОВ""",https://evideo.bg/pe202410/02.html#021700018
021700019,ГР.ПОМОРИЕ,"ГР.ПОМОРИЕ, ПГТ ""АЛЕКО КОНСТАНТИНОВ""",https://evideo.bg/pe202410/02.html#021700019
021700020,ГР.ПОМОРИЕ,"ГР.ПОМОРИЕ, СУ ""ИВАН ВАЗОВ""",https://evideo.bg/pe202410/02.html#021700020
021700021,ГР.ПОМОРИЕ,"ГР.ПОМОРИЕ, СУ ""ИВАН ВАЗОВ""",https://evideo.bg/pe202410/02.html#021700021
021700022,ГР.ПОМОРИЕ,"ГР.ПОМОРИЕ, ПГТ ""АЛЕКО КОНСТАНТИНОВ""",https://evideo.bg/pe202410/02.html#021700022
021700023,ГР.ПОМОРИЕ,"ГР.ПОМОРИЕ, ПГТ ""АЛЕКО КОНСТАНТИНОВ""",https://evideo.bg/pe202410/02.html#021700023
021700024,ГР.ПОМОРИЕ,"ГР.ПОМОРИЕ, СУ ""ИВАН ВАЗОВ"" (НАЧАЛНО УЧИЛИЩЕ)",https://evideo.bg/pe202410/02.html#021700024
021700025,ГР.ПОМОРИЕ,"ГР.ПОМОРИЕ, СУ ""ИВАН ВАЗОВ"" (НАЧАЛНО УЧИЛИЩЕ)",https://evideo.bg/pe202410/02.html#021700025
021700026,ГР.ПОМОРИЕ,"ГР.ПОМОРИЕ, СУ ""ИВАН ВАЗОВ"" (НАЧАЛНО УЧИЛИЩЕ)",https://evideo.bg/pe202410/02.html#021700026
021700027,ГР.ПОМОРИЕ,"ГР.ПОМОРИЕ, ПГТ ""АЛЕКО КОНСТАНТИНОВ""",https://evideo.bg/pe202410/02.html#021700027
021700028,ГР.ПОМОРИЕ,"ГР.ПОМОРИЕ, ОУ ""ХРИСТО БОТЕВ""",https://evideo.bg/pe202410/02.html#021700028
021700029,ГР.ПОМОРИЕ,"ГР.ПОМОРИЕ, ОУ ""ХРИСТО БОТЕВ""",https://evideo.bg/pe202410/02.html#021700029
021700030,ГР.ПОМОРИЕ,"ГР.ПОМОРИЕ, ОУ ""ХРИСТО БОТЕВ""",https://evideo.bg/pe202410/02.html#021700030
021700031,ГР.ПОМОРИЕ,"ГР.ПОМОРИЕ, ЦЕНТЪР ЗА ОБЩЕСТВЕНА ПОДКРЕПА",https://evideo.bg/pe202410/02.html#021700031
021700032,ГР.ПОМОРИЕ,"ГР.ПОМОРИЕ, ЦЕНТЪР ЗА ОБЩЕСТВЕНА ПОДКРЕПА",https://evideo.bg/pe202410/02.html#021700032
021700033,ГР.ПОМОРИЕ,"ГР.ПОМОРИЕ, ДНЕВЕН ЦЕНТЪР ЗА ВЪЗРАСТНИ ХОРА",https://evideo.bg/pe202410/02.html#021700033
021700034,С.ЛЪКА,"С.ЛЪКА, НЧ ""ВЪЗРАЖДАНЕ""",https://evideo.bg/pe202410/02.html#021700034
021700035,С.МЕДОВО,"С.МЕДОВО, НЧ ""ХРИСТО БОТЕВ 1963""",https://evideo.bg/pe202410/02.html#021700035
021700036,ГР.ПОМОРИЕ,"ГР.ПОМОРИЕ, ОУ ""ХРИСТО БОТЕВ""",https://evideo.bg/pe202410/02.html#021700036
021700037,ГР.ПОМОРИЕ,"ГР.ПОМОРИЕ, ОУ ""ХРИСТО БОТЕВ""",https://evideo.bg/pe202410/02.html#021700037
021700038,ГР.ПОМОРИЕ,"ГР.ПОМОРИЕ, СУ ""ИВАН ВАЗОВ"" (НАЧАЛНО УЧИЛИЩЕ)",https://evideo.bg/pe202410/02.html#021700038
021700039,ГР.ПОМОРИЕ,"ГР.ПОМОРИЕ, СУ ""ИВАН ВАЗОВ"" (НАЧАЛНО УЧИЛИЩЕ)",https://evideo.bg/pe202410/02.html#021700039
021700040,ГР.ПОМОРИЕ,"ГР.ПОМОРИЕ, ЦЕНТЪР ЗА ОБЩЕСТВЕНА ПОДКРЕПА",https://evideo.bg/pe202410/02.html#021700040
021700041,С.КОЗИЧИНО,"С.КОЗИЧИНО, КМЕТСТВОТО",https://evideo.bg/pe202410/02.html#021700041
021700042,С.ГОРИЦА,"С.ГОРИЦА, ДВФУ/ДОМ ЗА ВЪЗРАСТИ ХОРА С ФИЗИЧЕСКИ УВРЕЖДАНИЯ/",https://evideo.bg/pe202410/02.html#021700042
021700043,С.ГОРИЦА,"С.ГОРИЦА, НЧ ""ПОУКА""",https://evideo.bg/pe202410/02.html#021700043
021700044,С.ПОРОЙ,"С.ПОРОЙ, ОУ ""СВ.СВ. КИРИЛ И МЕТОДИЙ""",https://evideo.bg/pe202410/02.html#021700044
021700045,С.СТРАЦИН,"С.СТРАЦИН, ОУ ""ОТЕЦ ПАИСИЙ""",https://evideo.bg/pe202410/02.html#021700045
021700046,С.СТРАЦИН,"С.СТРАЦИН, ОУ ""ОТЕЦ ПАИСИЙ""",https://evideo.bg/pe202410/02.html#021700046
021700047,С.КОСОВЕЦ,"С.КОСОВЕЦ, КМЕТСТВОТО",https://evideo.bg/pe202410/02.html#021700047
021700051,С.ДЪБНИК,"С.ДЪБНИК, ОУ""ЕЛИН ПЕЛИН""",https://evideo.bg/pe202410/02.html#021700051
021800001,С.РУЕН,"С.РУЕН, СУ ""ЕЛИН ПЕЛИН""",https://evideo.bg/pe202410/02.html#021800001
021800002,С.РУЕН,"С.РУЕН, СУ ""ЕЛИН ПЕЛИН""",https://evideo.bg/pe202410/02.html#021800002
021800003,С.РУЕН,"С.РУЕН, РИТУАЛНА ЗАЛА",https://evideo.bg/pe202410/02.html#021800003
021800004,С.БИЛКА,"С.БИЛКА, УЧИЛИЩЕТО",https://evideo.bg/pe202410/02.html#021800004
021800005,С.ВИШНА,"С.ВИШНА, КМЕТСТВОТО",https://evideo.bg/pe202410/02.html#021800005
021800006,С.ВРЕСОВО,"С.ВРЕСОВО, УЧИЛИЩЕТО",https://evideo.bg/pe202410/02.html#021800006
021800007,С.ДОБРА ПОЛЯНА,"С.ДОБРА ПОЛЯНА, КМЕТСТВОТО",https://evideo.bg/pe202410/02.html#021800007
021800008,С.ДОБРОМИР,"С.ДОБРОМИР, КЛУБА В КМЕТСТВОТО",https://evideo.bg/pe202410/02.html#021800008
021800009,С.ДОБРОМИР,"С.ДОБРОМИР, ОУ ""АЛЕКО КОНСТАНТИНОВ""",https://evideo.bg/pe202410/02.html#021800009
021800010,С.ДРОПЛА,"С.ДРОПЛА, КМЕТСТВОТО",https://evideo.bg/pe202410/02.html#021800010
021800011,С.ДЪСКОТНА,"С.ДЪСКОТНА, ОУ ""КЛИМЕНТ ОХРИДСКИ""",https://evideo.bg/pe202410/02.html#021800011
021800012,С.ЗАИМЧЕВО,"С.ЗАИМЧЕВО, КМЕТСТВОТО",https://evideo.bg/pe202410/02.html#021800012
021800013,С.ЗАЙЧАР,"С.ЗАЙЧАР, РИТУАЛНА ЗАЛА",https://evideo.bg/pe202410/02.html#021800013
021800015,С.КАМЕНЯК,"С.КАМЕНЯК, КМЕТСТВОТО",https://evideo.bg/pe202410/02.html#021800015
021800016,С.КАРАВЕЛЬОВО,"С.КАРАВЕЛЬОВО, УЧИЛИЩЕТО",https://evideo.bg/pe202410/02.html#021800016
021800017,С.ЛИСТЕЦ,"С.ЛИСТЕЦ, КМЕТСТВОТО",https://evideo.bg/pe202410/02.html#021800017
021800018,С.ЛЮЛЯКОВО,"С.ЛЮЛЯКОВО, СУ""ОТЕЦ ПАИСИЙ""",https://evideo.bg/pe202410/02.html#021800018
021800019,С.ЛЮЛЯКОВО,"С.ЛЮЛЯКОВО, ДГ ЛЮЛЯКОВО",https://evideo.bg/pe202410/02.html#021800019
021800020,С.ЛЮЛЯКОВО,"С.ЛЮЛЯКОВО, ДГ ЛЮЛЯКОВО",https://evideo.bg/pe202410/02.html#021800020
021800021,С.МРЕЖИЧКО,"С.МРЕЖИЧКО, ЧИТАЛИЩЕТО",https://evideo.bg/pe202410/02.html#021800021
021800022,С.ПЛАНИНИЦА,"С.ПЛАНИНИЦА, ОУ ""Н.Й.ВАПЦАРОВ""",https://evideo.bg/pe202410/02.html#021800022
021800023,С.ПЛАНИНИЦА,"С.ПЛАНИНИЦА, ОУ ""Н.Й.ВАПЦАРОВ""",https://evideo.bg/pe202410/02.html#021800023
021800024,С.ПОДГОРЕЦ,"С.ПОДГОРЕЦ, УЧИЛИЩЕТО",https://evideo.bg/pe202410/02.html#021800024
021800025,С.ПРЕОБРАЖЕНЦИ,"С.ПРЕОБРАЖЕНЦИ, ЦДГ ПРЕОБРАЖЕНЦИ",https://evideo.bg/pe202410/02.html#021800025
021800026,С.ПРИПЕК,"С.ПРИПЕК, КМЕТСТВОТО",https://evideo.bg/pe202410/02.html#021800026
021800027,С.ПРОСЕНИК,"С.ПРОСЕНИК, ЧИТАЛИЩЕ ""Р.КЕХАЙОВ""",https://evideo.bg/pe202410/02.html#021800027
021800028,С.ПРОСЕНИК,"С.ПРОСЕНИК, ОУ ""КИРИЛ И МЕТОДИЙ""",https://evideo.bg/pe202410/02.html#021800028
021800029,С.РАЗБОЙНА,"С.РАЗБОЙНА, ОУ""Д-Р ПЕТЪР БЕРОН""",https://evideo.bg/pe202410/02.html#021800029
021800030,С.РЕЧИЦА,"С.РЕЧИЦА, ОУ ""А.С.МАКАРЕНКО""",https://evideo.bg/pe202410/02.html#021800030
021800031,С.РОЖДЕН,"С.РОЖДЕН, УЧИЛИЩЕТО",https://evideo.bg/pe202410/02.html#021800031
021800032,С.РУДИНА,"С.РУДИНА, ДГ РУДИНА",https://evideo.bg/pe202410/02.html#021800032
021800033,С.РУПЧА,"С.РУПЧА, ЧИТАЛИЩЕТО",https://evideo.bg/pe202410/02.html#021800033
021800034,С.РЪЖИЦА,"С.РЪЖИЦА, ОУ""ИВАН ВАЗОВ""",https://evideo.bg/pe202410/02.html#021800034
021800035,С.РЪЖИЦА,"С.РЪЖИЦА, ОУ""ИВАН ВАЗОВ""",https://evideo.bg/pe202410/02.html#021800035
021800036,С.СИНИ РИД,"С.СИНИ РИД, УЧИЛИЩЕТО",https://evideo.bg/pe202410/02.html#021800036
021800037,С.СКАЛАК,"С.СКАЛАК, ОУ ""ЙОРДАН ЙОВКОВ""",https://evideo.bg/pe202410/02.html#021800037
021800038,С.СНЕЖА,"С.СНЕЖА, КМЕТСТВОТО",https://evideo.bg/pe202410/02.html#021800038
021800039,С.СНЯГОВО,"С.СНЯГОВО, КМЕТСТВОТО",https://evideo.bg/pe202410/02.html#021800039
021800041,С.СОКОЛЕЦ,"С.СОКОЛЕЦ, КМЕТСТВОТО",https://evideo.bg/pe202410/02.html#021800041
021800042,С.СРЕДНА МАХАЛА,"С.СРЕДНА МАХАЛА, ЧИТАЛИЩЕТО",https://evideo.bg/pe202410/02.html#021800042
021800043,С.СТРУЯ,"С.СТРУЯ, КМЕТСТВОТО",https://evideo.bg/pe202410/02.html#021800043
021800044,С.ТОПЧИЙСКО,"С.ТОПЧИЙСКО, ОУ ""РЕДЖЕБ КЮПЧЮ""",https://evideo.bg/pe202410/02.html#021800044
021800045,С.ТОПЧИЙСКО,"С.ТОПЧИЙСКО, ОУ ""РЕДЖЕБ КЮПЧЮ""",https://evideo.bg/pe202410/02.html#021800045
021800046,С.ТРЪНАК,"С.ТРЪНАК, УЧИЛИЩЕТО",https://evideo.bg/pe202410/02.html#021800046
021800047,С.ТРЪНАК,"С.ТРЪНАК, УЧИЛИЩЕТО",https://evideo.bg/pe202410/02.html#021800047
021800048,С.ЧЕРЕША,"С.ЧЕРЕША, КМЕТСТВОТО",https://evideo.bg/pe202410/02.html#021800048
021800049,С.ШИВАРОВО,"С.ШИВАРОВО, КМЕТСТВОТО",https://evideo.bg/pe202410/02.html#021800049
021800051,С.ЯБЪЛЧЕВО,"С.ЯБЪЛЧЕВО, НУ ""ПЕТЪР БЕРОН""",https://evideo.bg/pe202410/02.html#021800051
021800052,С.ЯСЕНОВО,"С.ЯСЕНОВО, ЧИТАЛИЩЕТО",https://evideo.bg/pe202410/02.html#021800052
022100001,ГР.СОЗОПОЛ,"ГР.СОЗОПОЛ, ЧИТАЛИЩЕ ""ОТЕЦ ПАИСИЙ"" - РИТУАЛНА ЗАЛА",https://evideo.bg/pe202410/02.html#022100001
022100002,ГР.СОЗОПОЛ,"ГР.СОЗОПОЛ, ЧИТАЛИЩЕ ""ОТЕЦ ПАИСИЙ"" - КИНО ВИДЕО КЛУБ",https://evideo.bg/pe202410/02.html#022100002
022100003,ГР.СОЗОПОЛ,"ГР.СОЗОПОЛ, УЧИЛИЩЕТО-УЛ.""ИВАН ВАЗОВ""2, ВХОД ОТ СТРАНА НА УЛ.""КАВАЦИТЕ""",https://evideo.bg/pe202410/02.html#022100003
022100004,ГР.СОЗОПОЛ,"ГР.СОЗОПОЛ, УЧИЛИЩЕТО(СТОЛОВА ЗА ХРАНЕНЕ)-УЛ.""ИВАН ВАЗОВ""2",https://evideo.bg/pe202410/02.html#022100004
022100005,ГР.СОЗОПОЛ,"ГР.СОЗОПОЛ, УЧИЛИЩЕТО-УЛ.""ИВАН ВАЗОВ""2, ВХОД ОТ СТРАНА НА УЛ.""КАВАЦИТЕ""",https://evideo.bg/pe202410/02.html#022100005
022100006,ГР.СОЗОПОЛ,"ГР.СОЗОПОЛ, УЧИЛИЩЕТО-УЛ.""ИВАН ВАЗОВ""2",https://evideo.bg/pe202410/02.html#022100006
022100008,С.АТИЯ,"С.АТИЯ, КЛУБ НА ПЕНСИОНЕРА",https://evideo.bg/pe202410/02.html#022100008
022100009,С.АТИЯ,"С.АТИЯ, УЧИЛИЩЕТО",https://evideo.bg/pe202410/02.html#022100009
022100010,С.ВЪРШИЛО,"С.ВЪРШИЛО, КМЕТСТВОТО",https://evideo.bg/pe202410/02.html#022100010
022100011,С.ГАБЪР,"С.ГАБЪР, КЛУБ НА ПЕНСИОНЕРА",https://evideo.bg/pe202410/02.html#022100011
022100012,С.ЗИДАРОВО,"С.ЗИДАРОВО, УЧИЛИЩЕТО",https://evideo.bg/pe202410/02.html#022100012
022100013,С.ЗИДАРОВО,"С.ЗИДАРОВО, УЧИЛИЩЕТО",https://evideo.bg/pe202410/02.html#022100013
022100015,С.ИНДЖЕ ВОЙВОДА,"С.ИНДЖЕ ВОЙВОДА, ЧИТАЛИЩЕТО",https://evideo.bg/pe202410/02.html#022100015
022100016,С.КРУШЕВЕЦ,"С.КРУШЕВЕЦ, КЛУБ НА ПЕНСИОНЕРА",https://evideo.bg/pe202410/02.html#022100016
022100017,С.ПРИСАД,"С.ПРИСАД, КЛУБ НА ПЕНСИОНЕРА",https://evideo.bg/pe202410/02.html#022100017
022100018,С.РАВАДИНОВО,"С.РАВАДИНОВО, КМЕТСТВОТО",https://evideo.bg/pe202410/02.html#022100018
022100019,С.РАВНА ГОРА,"С.РАВНА ГОРА, УЧИЛИЩЕТО",https://evideo.bg/pe202410/02.html#022100019
022100020,С.РОСЕН,"С.РОСЕН, КМЕТСТВОТО",https://evideo.bg/pe202410/02.html#022100020
022100021,С.РОСЕН,"С.РОСЕН, КЛУБ НА ПЕНСИОНЕРА",https://evideo.bg/pe202410/02.html#022100021
022100022,ГР.ЧЕРНОМОРЕЦ,"ГР.ЧЕРНОМОРЕЦ, ЧИТАЛИЩЕТО",https://evideo.bg/pe202410/02.html#022100022
022100023,ГР.ЧЕРНОМОРЕЦ,"ГР.ЧЕРНОМОРЕЦ, КЛУБ НА ПЕНСИОНЕРА",https://evideo.bg/pe202410/02.html#022100023
022300001,ГР.СУНГУРЛАРЕ,"ГР.СУНГУРЛАРЕ, СУ ""ХРИСТО БОТЕВ""",https://evideo.bg/pe202410/02.html#022300001
022300002,ГР.СУНГУРЛАРЕ,"ГР.СУНГУРЛАРЕ, РИТУАЛНА ЗАЛА НА ОБЩИНАТА",https://evideo.bg/pe202410/02.html#022300002
022300003,ГР.СУНГУРЛАРЕ,"ГР.СУНГУРЛАРЕ, СУ ""ХРИСТО БОТЕВ""-НАЧАЛЕН КУРС",https://evideo.bg/pe202410/02.html#022300003
022300004,ГР.СУНГУРЛАРЕ,"ГР.СУНГУРЛАРЕ, СУ ""ХРИСТО БОТЕВ""-НАЧАЛЕН КУРС",https://evideo.bg/pe202410/02.html#022300004
022300005,С.БЕРОНОВО,"С.БЕРОНОВО, КМЕТСТВОТО",https://evideo.bg/pe202410/02.html#022300005
022300006,С.БОСИЛКОВО,"С.БОСИЛКОВО, ЧИТАЛИЩЕТО",https://evideo.bg/pe202410/02.html#022300006
022300007,С.ВЕДРОВО,"С.ВЕДРОВО, КМЕТСТВОТО",https://evideo.bg/pe202410/02.html#022300007
022300008,С.ВЕЗЕНКОВО,"С.ВЕЗЕНКОВО, ЧИТАЛИЩЕТО",https://evideo.bg/pe202410/02.html#022300008
022300009,С.ВЕЛИСЛАВ,"С.ВЕЛИСЛАВ, КМЕТСТВОТО",https://evideo.bg/pe202410/02.html#022300009
022300010,С.ПЧЕЛИН,"С.ПЧЕЛИН, КМЕТСТВОТО",https://evideo.bg/pe202410/02.html#022300010
022300011,С.ВЪЛЧИН,"С.ВЪЛЧИН, КАФЕ-КЛУБ",https://evideo.bg/pe202410/02.html#022300011
022300012,С.ГРОЗДЕН,"С.ГРОЗДЕН, ОУ""СВ.СВ.КИРИЛ И МЕТОДИЙ""",https://evideo.bg/pe202410/02.html#022300012
022300013,С.ДЪБОВИЦА,"С.ДЪБОВИЦА, КЛУБА НА СЕЛОТО",https://evideo.bg/pe202410/02.html#022300013
022300014,С.ЕСЕН,"С.ЕСЕН, ЗАЛА ЗА СЪБРАНИЯ",https://evideo.bg/pe202410/02.html#022300014
022300015,С.ЗАВЕТ,"С.ЗАВЕТ, КМЕТСТВОТО",https://evideo.bg/pe202410/02.html#022300015
022300016,С.КАМЧИЯ,"С.КАМЧИЯ, КМЕТСТВОТО",https://evideo.bg/pe202410/02.html#022300016
022300017,С.КЛИМАШ,"С.КЛИМАШ, ЧИТАЛИЩЕТО",https://evideo.bg/pe202410/02.html#022300017
022300018,С.КОСТЕН,"С.КОСТЕН, ЧИТАЛИЩЕТО",https://evideo.bg/pe202410/02.html#022300018
022300019,С.ЛОЗАРЕВО,"С.ЛОЗАРЕВО, ОУ""ХРИСТО БОТЕВ""",https://evideo.bg/pe202410/02.html#022300019
022300020,С.МАНОЛИЧ,"С.МАНОЛИЧ, ОУ""СВ.СВ.КИРИЛ И МЕТОДИЙ""",https://evideo.bg/pe202410/02.html#022300020
022300021,С.МАНОЛИЧ,"С.МАНОЛИЧ, ОУ""СВ.СВ.КИРИЛ И МЕТОДИЙ""",https://evideo.bg/pe202410/02.html#022300021
022300022,С.ПОДВИС,"С.ПОДВИС, КМЕТСТВОТО",https://evideo.bg/pe202410/02.html#022300022
022300023,С.ПРИЛЕП,"С.ПРИЛЕП, ЧИТАЛИЩЕТО",https://evideo.bg/pe202410/02.html#022300023
022300024,С.САДОВО,"С.САДОВО, КМЕТСТВОТО",https://evideo.bg/pe202410/02.html#022300024
022300025,С.СЛАВЯНЦИ,"С.СЛАВЯНЦИ, КМЕТСТВОТО/КЛУБ НА ПЕНСИОНЕРА/",https://evideo.bg/pe202410/02.html#022300025
022300026,С.СЪЕДИНЕНИЕ,"С.СЪЕДИНЕНИЕ, ЧИТАЛИЩЕ ""ПОДЕМ""",https://evideo.bg/pe202410/02.html#022300026
022300027,С.СЪЕДИНЕНИЕ,"С.СЪЕДИНЕНИЕ, ЧИТАЛИЩЕ ""МОРАВА""",https://evideo.bg/pe202410/02.html#022300027
022300028,С.ТЕРЗИЙСКО,"С.ТЕРЗИЙСКО, КМЕТСТВОТО",https://evideo.bg/pe202410/02.html#022300028
022300029,С.ЧЕРНИЦА,"С.ЧЕРНИЦА, ЧИТАЛИЩЕТО",https://evideo.bg/pe202410/02.html#022300029
022300030,С.ЧУБРА,"С.ЧУБРА, ЧИТАЛИЩЕТО",https://evideo.bg/pe202410/02.html#022300030
022700001,ГР.ПРИМОРСКО,"ГР.ПРИМОРСКО, ЧИТАЛИЩЕ""САМООБРАЗОВАНИЕ"",УЛ.""КИРИЛ И МЕТОДИЙ""№10",https://evideo.bg/pe202410/02.html#022700001
022700002,ГР.ПРИМОРСКО,"ГР.ПРИМОРСКО, СУ ""НИКОЛА Й. ВАПЦАРОВ"", УЛ.""РОПОТАМО"" №48",https://evideo.bg/pe202410/02.html#022700002
022700003,ГР.ПРИМОРСКО,"ГР.ПРИМОРСКО, СУ ""НИКОЛА Й. ВАПЦАРОВ"", УЛ.""РОПОТАМО"" №48",https://evideo.bg/pe202410/02.html#022700003
022700004,С.НОВО ПАНИЧАРЕВО,"С.НОВО ПАНИЧАРЕВО, ЧИТАЛИЩЕ ""ОТЕЦ ПАИСИЙ-1927"", УЛ.""Н.БОТУШЕВ"" №1",https://evideo.bg/pe202410/02.html#022700004
022700005,С.ПИСМЕНОВО,"С.ПИСМЕНОВО, КЛУБ, УЛ.""ЧЕРНО МОРЕ"" №49",https://evideo.bg/pe202410/02.html#022700005
022700006,С.ЯСНА ПОЛЯНА,"С.ЯСНА ПОЛЯНА, ЧИТАЛИЩЕ ""Л. Н. ТОЛСТОЙ"", ПЛ.""ДЕВЕТИ СЕПТЕМВРИ"" №1",https://evideo.bg/pe202410/02.html#022700006
022700007,С.ЯСНА ПОЛЯНА,"С.ЯСНА ПОЛЯНА, ДЛФУ",https://evideo.bg/pe202410/02.html#022700007
022700008,ГР.КИТЕН,"ГР.КИТЕН, КМЕТСТВОТО, УЛ.""ПЪРВИ МАЙ"" №2",https://evideo.bg/pe202410/02.html#022700008
022700009,С.ВЕСЕЛИЕ,"С.ВЕСЕЛИЕ, ЧИТАЛИЩЕ ""ВИДЕЛИНА"", УЛ.""ПРОСВЕТА"" №7",https://evideo.bg/pe202410/02.html#022700009